z0_ft,n,mean_squared_error_log,alpha,beta,gamma_m,free_fraction
1.56000,266322,0.0005271283,1.000585,0.508761,25.558010,0.000000
1.56500,266322,0.0005271283,1.000585,0.508761,25.558010,0.000000
1.57000,266322,0.0005271283,1.000585,0.508761,25.558010,0.000000
1.57500,266322,0.0005271283,1.000585,0.508761,25.558010,0.000000
1.58000,266322,0.0005271283,1.000585,0.508761,25.558010,0.000000
1.58500,266322,0.0005271283,1.000585,0.508761,25.558010,0.000000
1.59000,266322,0.0005271283,1.000585,0.508761,25.558010,0.000000
1.59500,266322,0.0005271283,1.000585,0.508761,25.558010,0.000000
1.60000,266322,0.0005271283,1.000585,0.508761,25.558010,0.000000
1.60500,266322,0.0005271283,1.000585,0.508761,25.558010,0.000000
1.61000,266322,0.0005271283,1.000585,0.508761,25.558010,0.000000
1.61500,266322,0.0005271283,1.000585,0.508761,25.558010,0.000000
1.62000,266322,0.0005271283,1.000585,0.508761,25.558010,0.000000
1.62500,266322,0.0005271283,1.000585,0.508761,25.558010,0.000000
1.63000,266322,0.0005271283,1.000585,0.508761,25.558010,0.000000
1.63500,266322,0.0005271283,1.000585,0.508761,25.558010,0.000000
1.64000,266322,0.0005271283,1.000585,0.508761,25.558010,0.000000
1.64500,266322,0.0005271283,1.000585,0.508761,25.558010,0.000000
1.65000,266322,0.0005271283,1.000585,0.508761,25.558010,0.000000
1.65500,266322,0.0005271283,1.000585,0.508761,25.558010,0.000000
1.66000,266322,0.0005271283,1.000585,0.508761,25.558010,0.000000
1.66500,266322,0.0005271283,1.000585,0.508761,25.558010,0.000000
1.67000,266322,0.0005271283,1.000585,0.508761,25.558010,0.000000
1.67500,266322,0.0005271283,1.000585,0.508761,25.558010,0.000000
1.68000,266322,0.0005271283,1.000585,0.508761,25.558010,0.000000
1.68500,266322,0.0005271283,1.000585,0.508761,25.558010,0.000000
1.69000,266322,0.0005271283,1.000585,0.508761,25.558010,0.000000
1.69500,266322,0.0005271283,1.000585,0.508761,25.558010,0.000000
1.70000,266322,0.0005271283,1.000585,0.508761,25.558010,0.000000
1.70500,266322,0.0005271283,1.000585,0.508761,25.558010,0.000000
1.71000,266322,0.0005271283,1.000585,0.508761,25.558010,0.000000
1.71500,266322,0.0005271283,1.000585,0.508761,25.558010,0.000000
1.72000,266322,0.0005271283,1.000585,0.508761,25.558010,0.000000
1.72500,266322,0.0005271283,1.000585,0.508761,25.558010,0.000000
1.73000,266322,0.0005271283,1.000585,0.508761,25.558010,0.000000
1.73500,266322,0.0005271283,1.000585,0.508761,25.558010,0.000000
1.74000,266322,0.0005271283,1.000585,0.508761,25.558010,0.000000
1.74500,266322,0.0005271283,1.000585,0.508761,25.558010,0.000000
1.75000,266322,0.0005271283,1.000585,0.508761,25.558010,0.000000
1.75500,266322,0.0005271283,1.000585,0.508761,25.558010,0.000000
1.76000,266322,0.0005271283,1.000585,0.508761,25.558010,0.000000
1.76500,266322,0.0005271283,1.000585,0.508761,25.558010,0.000000
1.77000,266322,0.0005271283,1.000585,0.508761,25.558010,0.000000
1.77500,266322,0.0005271283,1.000585,0.508761,25.558010,0.000000
1.78000,266322,0.0005271283,1.000585,0.508761,25.558010,0.000000
1.78500,266322,0.0005271283,1.000585,0.508761,25.558010,0.000000
1.79000,266322,0.0005271283,1.000585,0.508761,25.558010,0.000000
1.79500,266322,0.0005271283,1.000585,0.508761,25.558010,0.000000
1.80000,266322,0.0005271283,1.000585,0.508761,25.558010,0.000000
1.80500,266322,0.0005271283,1.000585,0.508761,25.558010,0.000000
1.81000,266322,0.0005271283,1.000585,0.508761,25.558010,0.000000
1.81500,266322,0.0005271283,1.000585,0.508761,25.558010,0.000000
1.82000,266322,0.0005271283,1.000585,0.508761,25.558010,0.000000
1.82500,266322,0.0005271283,1.000585,0.508761,25.558010,0.000000
1.83000,266322,0.0005271283,1.000585,0.508761,25.558010,0.000000
1.83500,266322,0.0005271283,1.000585,0.508761,25.558010,0.000000
1.84000,266322,0.0005271283,1.000585,0.508761,25.558010,0.000000
1.84500,266322,0.0005271283,1.000585,0.508761,25.558010,0.000000
1.85000,266322,0.0005271283,1.000585,0.508761,25.558010,0.000000
1.85500,266322,0.0005271283,1.000585,0.508761,25.558010,0.000000
1.86000,266322,0.0005271283,1.000585,0.508761,25.558010,0.000000
1.86500,266322,0.0005271283,1.000585,0.508761,25.558010,0.000000
1.87000,266322,0.0005271283,1.000585,0.508761,25.558010,0.000000
1.87500,266322,0.0005271283,1.000585,0.508761,25.558010,0.000000
1.88000,266322,0.0005271283,1.000585,0.508761,25.558010,0.000000
1.88500,266322,0.0005271283,1.000585,0.508761,25.558010,0.000000
1.89000,266322,0.0005271283,1.000585,0.508761,25.558010,0.000000
1.89500,266322,0.0005271283,1.000585,0.508761,25.558010,0.000000
1.90000,266322,0.0005271283,1.000585,0.508761,25.558010,0.000000
1.90500,266322,0.0005271283,1.000585,0.508761,25.558010,0.000000
1.91000,266322,0.0005271283,1.000585,0.508761,25.558010,0.000000
1.91500,266322,0.0005271283,1.000585,0.508761,25.558010,0.000000
1.92000,266322,0.0005271283,1.000585,0.508761,25.558010,0.000000
1.92500,266322,0.0005271283,1.000585,0.508761,25.558010,0.000000
1.93000,266322,0.0005271283,1.000585,0.508761,25.558010,0.000000
1.93500,266322,0.0005271283,1.000585,0.508761,25.558010,0.000000
1.94000,266322,0.0005271283,1.000585,0.508761,25.558010,0.000000
1.94500,266322,0.0005271283,1.000585,0.508761,25.558010,0.000000
1.95000,266322,0.0005271283,1.000585,0.508761,25.558010,0.000000
1.95500,266322,0.0005271283,1.000585,0.508761,25.558010,0.000000
1.96000,266322,0.0005271283,1.000585,0.508761,25.558010,0.000000
1.96500,266322,0.0005271283,1.000585,0.508761,25.558010,0.000000
1.97000,266322,0.0005271283,1.000585,0.508761,25.558010,0.000000
1.97500,266322,0.0005271283,1.000585,0.508761,25.558010,0.000000
1.98000,266322,0.0005271283,1.000585,0.508761,25.558010,0.000000
1.98500,266322,0.0005271283,1.000585,0.508761,25.558010,0.000000
1.99000,266322,0.0005271283,1.000585,0.508761,25.558010,0.000000
1.99500,266322,0.0005271283,1.000585,0.508761,25.558010,0.000000
2.00000,266322,0.0005271283,1.000585,0.508761,25.558010,0.000000
2.00500,266322,0.0005271283,1.000585,0.508761,25.558010,0.000000
2.01000,266322,0.0005271283,1.000585,0.508761,25.558010,0.000000
2.01500,266322,0.0005271283,1.000585,0.508761,25.558010,0.000000
2.02000,266322,0.0005271283,1.000585,0.508761,25.558010,0.000000
2.02500,266322,0.0005271283,1.000585,0.508761,25.558010,0.000000
2.03000,266322,0.0005271283,1.000585,0.508761,25.558010,0.000000
2.03500,266322,0.0005271283,1.000585,0.508761,25.558010,0.000000
2.04000,266322,0.0005271283,1.000585,0.508761,25.558010,0.000000
2.04500,266322,0.0005271283,1.000585,0.508761,25.558010,0.000000
2.05000,266322,0.0005271283,1.000585,0.508761,25.558010,0.000000
2.05500,266322,0.0005271283,1.000585,0.508761,25.558010,0.000000
2.06000,266322,0.0005271283,1.000585,0.508761,25.558010,0.000004
2.06500,266322,0.0005271281,1.000585,0.508761,25.558010,0.000004
2.07000,266322,0.0005271280,1.000585,0.508761,25.558009,0.000008
2.07500,266322,0.0005271276,1.000585,0.508760,25.558007,0.000008
2.08000,266322,0.0005271274,1.000585,0.508760,25.558006,0.000008
2.08500,266322,0.0005271272,1.000585,0.508760,25.558004,0.000008
2.09000,266322,0.0005271270,1.000585,0.508759,25.558003,0.000008
2.09500,266322,0.0005271269,1.000585,0.508759,25.558001,0.000008
2.10000,266322,0.0005271269,1.000585,0.508759,25.557999,0.000011
2.10500,266322,0.0005271268,1.000585,0.508758,25.557997,0.000011
2.11000,266322,0.0005271268,1.000585,0.508758,25.557994,0.000011
2.11500,266322,0.0005271269,1.000585,0.508757,25.557992,0.000011
2.12000,266322,0.0005271271,1.000585,0.508757,25.557989,0.000015
2.12500,266322,0.0005271272,1.000585,0.508756,25.557986,0.000015
2.13000,266322,0.0005271275,1.000585,0.508755,25.557982,0.000015
2.13500,266322,0.0005271278,1.000585,0.508754,25.557978,0.000015
2.14000,266322,0.0005271283,1.000585,0.508754,25.557974,0.000023
2.14500,266322,0.0005271287,1.000585,0.508753,25.557970,0.000023
2.15000,266322,0.0005271292,1.000584,0.508752,25.557965,0.000023
2.15500,266322,0.0005271299,1.000584,0.508751,25.557960,0.000023
2.16000,266322,0.0005271308,1.000584,0.508750,25.557955,0.000023
2.16500,266322,0.0005271319,1.000584,0.508749,25.557950,0.000023
2.17000,266322,0.0005271331,1.000584,0.508748,25.557945,0.000026
2.17500,266322,0.0005271345,1.000584,0.508747,25.557938,0.000026
2.18000,266322,0.0005271361,1.000584,0.508745,25.557932,0.000030
2.18500,266322,0.0005271377,1.000584,0.508744,25.557925,0.000030
2.19000,266322,0.0005271396,1.000583,0.508742,25.557917,0.000034
2.19500,266322,0.0005271417,1.000583,0.508741,25.557909,0.000034
2.20000,266322,0.0005271440,1.000583,0.508739,25.557901,0.000038
2.20500,266322,0.0005271465,1.000583,0.508738,25.557892,0.000038
2.21000,266322,0.0005271493,1.000583,0.508736,25.557883,0.000038
2.21500,266322,0.0005271522,1.000583,0.508734,25.557873,0.000041
2.22000,266322,0.0005271555,1.000582,0.508732,25.557862,0.000053
2.22500,266322,0.0005271587,1.000582,0.508729,25.557850,0.000053
2.23000,266322,0.0005271623,1.000582,0.508727,25.557837,0.000056
2.23500,266322,0.0005271662,1.000582,0.508724,25.557823,0.000056
2.24000,266322,0.0005271707,1.000581,0.508721,25.557809,0.000056
2.24500,266322,0.0005271754,1.000581,0.508719,25.557794,0.000060
2.25000,266322,0.0005271807,1.000581,0.508716,25.557779,0.000071
2.25500,266322,0.0005271861,1.000580,0.508712,25.557761,0.000071
2.26000,266322,0.0005271921,1.000580,0.508709,25.557743,0.000075
2.26500,266322,0.0005271986,1.000580,0.508705,25.557723,0.000075
2.27000,266322,0.0005272058,1.000579,0.508701,25.557703,0.000090
2.27500,266322,0.0005272128,1.000579,0.508697,25.557679,0.000090
2.28000,266322,0.0005272208,1.000578,0.508692,25.557654,0.000109
2.28500,266322,0.0005272283,1.000578,0.508686,25.557623,0.000113
2.29000,266322,0.0005272370,1.000577,0.508680,25.557591,0.000143
2.29500,266322,0.0005272449,1.000576,0.508672,25.557547,0.000146
2.30000,266322,0.0005272544,1.000575,0.508664,25.557503,0.000195
2.30500,266322,0.0005272627,1.000574,0.508653,25.557443,0.000195
2.31000,266322,0.0005272732,1.000573,0.508642,25.557381,0.000218
2.31500,266322,0.0005272844,1.000571,0.508629,25.557311,0.000218
2.32000,266322,0.0005272980,1.000570,0.508616,25.557238,0.000248
2.32500,266322,0.0005273120,1.000568,0.508600,25.557154,0.000255
2.33000,266322,0.0005273288,1.000566,0.508585,25.557067,0.000267
2.33500,266322,0.0005273478,1.000564,0.508568,25.556976,0.000267
2.34000,266322,0.0005273698,1.000562,0.508552,25.556882,0.000282
2.34500,266322,0.0005273940,1.000560,0.508534,25.556784,0.000282
2.35000,266322,0.0005274213,1.000558,0.508516,25.556683,0.000323
2.35500,266322,0.0005274498,1.000556,0.508497,25.556573,0.000323
2.36000,266322,0.0005274819,1.000553,0.508477,25.556461,0.000353
2.36500,266322,0.0005275158,1.000551,0.508455,25.556340,0.000353
2.37000,266322,0.0005275537,1.000548,0.508433,25.556217,0.000364
2.37500,266322,0.0005275948,1.000545,0.508410,25.556088,0.000368
2.38000,266322,0.0005276400,1.000543,0.508387,25.555957,0.000391
2.38500,266322,0.0005276883,1.000540,0.508362,25.555818,0.000391
2.39000,266322,0.0005277409,1.000537,0.508338,25.555677,0.000428
2.39500,266322,0.0005277961,1.000534,0.508311,25.555525,0.000428
2.40000,266322,0.0005278560,1.000530,0.508283,25.555370,0.000469
2.40500,266322,0.0005279186,1.000527,0.508254,25.555203,0.000469
2.41000,266322,0.0005279865,1.000523,0.508224,25.555033,0.000488
2.41500,266322,0.0005280585,1.000519,0.508192,25.554855,0.000492
2.42000,266322,0.0005281361,1.000515,0.508161,25.554673,0.000529
2.42500,266322,0.0005282177,1.000511,0.508127,25.554480,0.000529
2.43000,266322,0.0005283053,1.000507,0.508092,25.554282,0.000541
2.43500,266322,0.0005283984,1.000503,0.508056,25.554078,0.000544
2.44000,266322,0.0005284977,1.000498,0.508020,25.553869,0.000559
2.44500,266322,0.0005286027,1.000494,0.507983,25.553653,0.000559
2.45000,266322,0.0005287142,1.000489,0.507945,25.553432,0.000567
2.45500,266322,0.0005288321,1.000484,0.507906,25.553206,0.000567
2.46000,266322,0.0005289568,1.000479,0.507866,25.552975,0.000567
2.46500,266322,0.0005290885,1.000474,0.507826,25.552739,0.000567
2.47000,266322,0.0005292272,1.000468,0.507785,25.552498,0.000578
2.47500,266322,0.0005293724,1.000463,0.507743,25.552250,0.000578
2.48000,266322,0.0005295250,1.000457,0.507700,25.551997,0.000593
2.48500,266322,0.0005296841,1.000452,0.507656,25.551737,0.000593
2.49000,266322,0.0005298509,1.000446,0.507611,25.551472,0.000601
2.49500,266322,0.0005300250,1.000440,0.507566,25.551199,0.000601
2.50000,266322,0.0005302070,1.000434,0.507519,25.550921,0.000631
2.50500,266322,0.0005303951,1.000427,0.507471,25.550632,0.000635
2.51000,266322,0.0005305916,1.000421,0.507422,25.550337,0.000653
2.51500,266322,0.0005307954,1.000414,0.507371,25.550032,0.000657
2.52000,266322,0.0005310079,1.000407,0.507319,25.549722,0.000706
2.52500,266322,0.0005312268,1.000400,0.507265,25.549397,0.000706
2.53000,266322,0.0005314551,1.000393,0.507210,25.549066,0.000736
2.53500,266322,0.0005316912,1.000385,0.507154,25.548724,0.000736
2.54000,266322,0.0005319371,1.000377,0.507096,25.548375,0.000785
2.54500,266322,0.0005321903,1.000369,0.507035,25.548011,0.000785
2.55000,266322,0.0005324538,1.000361,0.506974,25.547641,0.000807
2.55500,266322,0.0005327267,1.000352,0.506911,25.547259,0.000807
2.56000,266322,0.0005330104,1.000344,0.506847,25.546870,0.000852
2.56500,266322,0.0005333027,1.000335,0.506780,25.546466,0.000852
2.57000,266322,0.0005336064,1.000325,0.506712,25.546055,0.000950
2.57500,266322,0.0005339164,1.000316,0.506640,25.545619,0.000950
2.58000,266322,0.0005342389,1.000306,0.506566,25.545174,0.001010
2.58500,266322,0.0005345707,1.000295,0.506489,25.544711,0.001010
2.59000,266322,0.0005349158,1.000285,0.506411,25.544238,0.001051
2.59500,266322,0.0005352718,1.000274,0.506330,25.543749,0.001055
2.60000,266322,0.0005356417,1.000263,0.506248,25.543251,0.001108
2.60500,266322,0.0005360226,1.000251,0.506163,25.542733,0.001111
2.61000,266322,0.0005364182,1.000239,0.506076,25.542206,0.001172
2.61500,266322,0.0005368251,1.000227,0.505986,25.541659,0.001179
2.62000,266322,0.0005372475,1.000214,0.505894,25.541102,0.001254
2.62500,266322,0.0005376819,1.000201,0.505798,25.540523,0.001254
2.63000,266322,0.0005381328,1.000188,0.505701,25.539932,0.001318
2.63500,266322,0.0005385968,1.000174,0.505600,25.539320,0.001318
2.64000,266322,0.0005390781,1.000160,0.505498,25.538696,0.001401
2.64500,266322,0.0005395720,1.000146,0.505391,25.538044,0.001404
2.65000,266322,0.0005400844,1.000131,0.505282,25.537379,0.001472
2.65500,266322,0.0005406113,1.000115,0.505168,25.536688,0.001476
2.66000,266322,0.0005411577,1.000099,0.505053,25.535984,0.001528
2.66500,266322,0.0005417207,1.000083,0.504933,25.535255,0.001528
2.67000,266322,0.0005423042,1.000066,0.504812,25.534511,0.001600
2.67500,266322,0.0005429046,1.000048,0.504687,25.533744,0.001600
2.68000,266322,0.0005435265,1.000031,0.504559,25.532961,0.001630
2.68500,266322,0.0005441684,1.000012,0.504429,25.532160,0.001630
2.69000,266322,0.0005448326,0.999994,0.504297,25.531343,0.001675
2.69500,266322,0.0005455171,0.999975,0.504160,25.530503,0.001675
2.70000,266322,0.0005462249,0.999955,0.504022,25.529648,0.001738
2.70500,266322,0.0005469527,0.999935,0.503880,25.528767,0.001738
2.71000,266322,0.0005477048,0.999914,0.503735,25.527870,0.001825
2.71500,266322,0.0005484763,0.999893,0.503586,25.526944,0.001825
2.72000,266322,0.0005492733,0.999872,0.503434,25.526002,0.001915
2.72500,266322,0.0005500929,0.999849,0.503277,25.525026,0.001919
2.73000,266322,0.0005509391,0.999827,0.503117,25.524032,0.002043
2.73500,266322,0.0005518087,0.999803,0.502950,25.523000,0.002043
2.74000,266322,0.0005527065,0.999779,0.502781,25.521948,0.002144
2.74500,266322,0.0005536306,0.999754,0.502606,25.520861,0.002148
2.75000,266322,0.0005545844,0.999728,0.502428,25.519753,0.002227
2.75500,266322,0.0005555648,0.999702,0.502245,25.518612,0.002234
2.76000,266322,0.0005565763,0.999675,0.502059,25.517449,0.002354
2.76500,266322,0.0005576145,0.999648,0.501866,25.516249,0.002369
2.77000,266322,0.0005586854,0.999620,0.501670,25.515027,0.002486
2.77500,266322,0.0005597848,0.999590,0.501467,25.513763,0.002486
2.78000,266322,0.0005609186,0.999561,0.501261,25.512475,0.002598
2.78500,266322,0.0005620859,0.999530,0.501048,25.511146,0.002598
2.79000,266322,0.0005632893,0.999499,0.500832,25.509792,0.002685
2.79500,266322,0.0005645290,0.999467,0.500609,25.508401,0.002685
2.80000,266322,0.0005658064,0.999434,0.500384,25.506984,0.002782
2.80500,266322,0.0005671174,0.999400,0.500152,25.505531,0.002782
2.81000,266322,0.0005684677,0.999366,0.499916,25.504052,0.002824
2.81500,266322,0.0005698552,0.999331,0.499677,25.502542,0.002824
2.82000,266322,0.0005712833,0.999295,0.499433,25.501004,0.002861
2.82500,266322,0.0005727508,0.999259,0.499185,25.499435,0.002861
2.83000,266322,0.0005742602,0.999221,0.498933,25.497839,0.002940
2.83500,266322,0.0005758078,0.999183,0.498675,25.496206,0.002940
2.84000,266322,0.0005773990,0.999145,0.498414,25.494545,0.003083
2.84500,266322,0.0005790252,0.999105,0.498145,25.492841,0.003090
2.85000,266322,0.0005806971,0.999064,0.497872,25.491107,0.003289
2.85500,266322,0.0005824038,0.999023,0.497590,25.489327,0.003289
2.86000,266322,0.0005841584,0.998981,0.497305,25.487516,0.003597
2.86500,266322,0.0005859445,0.998937,0.497008,25.485648,0.003597
2.87000,266322,0.0005877814,0.998893,0.496707,25.483746,0.003815
2.87500,266322,0.0005896576,0.998847,0.496396,25.481792,0.003819
2.88000,266322,0.0005915870,0.998801,0.496081,25.479804,0.003988
2.88500,266322,0.0005935621,0.998754,0.495757,25.477765,0.003988
2.89000,266322,0.0005955929,0.998705,0.495428,25.475689,0.004115
2.89500,266322,0.0005976755,0.998656,0.495092,25.473565,0.004123
2.90000,266322,0.0005998161,0.998605,0.494750,25.471403,0.004356
2.90500,266322,0.0006020077,0.998553,0.494397,25.469181,0.004356
2.91000,266322,0.0006042602,0.998500,0.494039,25.466920,0.004540
2.91500,266322,0.0006065661,0.998446,0.493672,25.464603,0.004540
2.92000,266322,0.0006089356,0.998391,0.493299,25.462244,0.004739
2.92500,266322,0.0006113573,0.998335,0.492916,25.459824,0.004746
2.93000,266322,0.0006138453,0.998277,0.492526,25.457362,0.004998
2.93500,266322,0.0006163832,0.998218,0.492125,25.454827,0.005005
2.94000,266322,0.0006189908,0.998157,0.491717,25.452247,0.005174
2.94500,266322,0.0006216581,0.998096,0.491299,25.449606,0.005193
2.95000,266322,0.0006243979,0.998033,0.490874,25.446918,0.005403
2.95500,266322,0.0006272003,0.997968,0.490438,25.444162,0.005430
2.96000,266322,0.0006300786,0.997902,0.489996,25.441357,0.005662
2.96500,266322,0.0006330236,0.997835,0.489542,25.438486,0.005662
2.97000,266322,0.0006360478,0.997766,0.489081,25.435563,0.005865
2.97500,266322,0.0006391428,0.997696,0.488609,25.432577,0.005869
2.98000,266322,0.0006423203,0.997625,0.488131,25.429537,0.006027
2.98500,266322,0.0006455740,0.997552,0.487642,25.426432,0.006027
2.99000,266322,0.0006489136,0.997477,0.487145,25.423272,0.006199
2.99500,266322,0.0006523335,0.997401,0.486638,25.420045,0.006203
3.00000,266322,0.0006558430,0.997324,0.486123,25.416761,0.006372
3.00500,266322,0.0006594355,0.997245,0.485598,25.413408,0.006376
3.01000,266322,0.0006631214,0.997164,0.485064,25.409995,0.006579
3.01500,266322,0.0006668887,0.997082,0.484518,25.406508,0.006597
3.02000,266322,0.0006707534,0.996998,0.483964,25.402960,0.006853
3.02500,266322,0.0006747040,0.996912,0.483397,25.399334,0.006853
3.03000,266322,0.0006787565,0.996825,0.482822,25.395642,0.007130
3.03500,266322,0.0006828968,0.996736,0.482232,25.391871,0.007142
3.04000,266322,0.0006871439,0.996645,0.481634,25.388032,0.007412
3.04500,266322,0.0006914874,0.996552,0.481022,25.384111,0.007412
3.05000,266322,0.0006959429,0.996457,0.480401,25.380120,0.007626
3.05500,266322,0.0007005025,0.996360,0.479766,25.376043,0.007652
3.06000,266322,0.0007051794,0.996262,0.479122,25.371893,0.007881
3.06500,266322,0.0007099677,0.996161,0.478463,25.367654,0.007893
3.07000,266322,0.0007148788,0.996058,0.477794,25.363338,0.008088
3.07500,266322,0.0007199074,0.995953,0.477111,25.358931,0.008095
3.08000,266322,0.0007250650,0.995846,0.476417,25.354443,0.008340
3.08500,266322,0.0007303433,0.995737,0.475708,25.349861,0.008347
3.09000,266322,0.0007357573,0.995625,0.474988,25.345194,0.008629
3.09500,266322,0.0007412980,0.995511,0.474252,25.340426,0.008655
3.10000,266322,0.0007469818,0.995395,0.473504,25.335568,0.008880
3.10500,266322,0.0007528029,0.995276,0.472740,25.330609,0.008880
3.11000,266322,0.0007587753,0.995155,0.471964,25.325556,0.009102
3.11500,266322,0.0007648935,0.995031,0.471171,25.320396,0.009106
3.12000,266322,0.0007711719,0.994905,0.470366,25.315137,0.009305
3.12500,266322,0.0007776041,0.994776,0.469544,25.309766,0.009305
3.13000,266322,0.0007842065,0.994644,0.468708,25.304290,0.009552
3.13500,266322,0.0007909715,0.994509,0.467854,25.298697,0.009552
3.14000,266322,0.0007979181,0.994371,0.466985,25.292991,0.009819
3.14500,266322,0.0008050384,0.994231,0.466098,25.287162,0.009819
3.15000,266322,0.0008123532,0.994087,0.465195,25.281214,0.010078
3.15500,266322,0.0008198550,0.993940,0.464272,25.275133,0.010078
3.16000,266322,0.0008275665,0.993789,0.463332,25.268922,0.010333
3.16500,266322,0.0008354844,0.993635,0.462371,25.262571,0.010348
3.17000,266322,0.0008436297,0.993478,0.461392,25.256080,0.010634
3.17500,266322,0.0008519976,0.993316,0.460390,25.249434,0.010653
3.18000,266322,0.0008606139,0.993151,0.459368,25.242636,0.011013
3.18500,266322,0.0008694723,0.992981,0.458321,25.235669,0.011013
3.19000,266322,0.0008786048,0.992807,0.457251,25.228535,0.011445
3.19500,266322,0.0008880006,0.992628,0.456153,25.221212,0.011445
3.20000,266322,0.0008977023,0.992445,0.455031,25.213703,0.011948
3.20500,266322,0.0009076960,0.992256,0.453875,25.205981,0.011993
3.21000,266322,0.0009180356,0.992061,0.452693,25.198049,0.012598
3.21500,266322,0.0009287139,0.991861,0.451474,25.189879,0.012598
3.22000,266322,0.0009397898,0.991655,0.450223,25.181470,0.013153
3.22500,266322,0.0009512649,0.991441,0.448932,25.172784,0.013172
3.23000,266322,0.0009632067,0.991220,0.447604,25.163816,0.013739
3.23500,266322,0.0009756276,0.990991,0.446229,25.154527,0.013739
3.24000,266322,0.0009886118,0.990754,0.444811,25.144899,0.014201
3.24500,266322,0.0010021981,0.990506,0.443338,25.134883,0.014216
3.25000,266322,0.0010164906,0.990247,0.441810,25.124444,0.014715
3.25500,266322,0.0010315634,0.989975,0.440214,25.113511,0.014757
3.26000,266322,0.0010475741,0.989689,0.438545,25.102016,0.015252
3.26500,266322,0.0010646697,0.989385,0.436784,25.089847,0.015301
3.27000,266322,0.0010831391,0.989059,0.434917,25.076858,0.015774
3.27500,266322,0.0011033580,0.988706,0.432910,25.062805,0.015774
3.28000,266322,0.0011261004,0.988314,0.430709,25.047255,0.016176
3.28500,266322,0.0011532628,0.987853,0.428168,25.029080,0.016259
3.29000,266321,0.0011591953,0.987724,0.427301,25.023735,0.016732
3.29500,266321,0.0011904254,0.987198,0.424433,25.003062,0.016750
3.30000,266320,0.0012052048,0.986943,0.422943,24.992906,0.017179
3.30500,266320,0.0012493127,0.986216,0.419092,24.964599,0.017190
3.31000,266316,0.0012125107,0.986810,0.421876,24.987108,0.017573
3.31500,266316,0.0012576931,0.986066,0.417945,24.958198,0.017592
3.32000,266312,0.0012237798,0.986619,0.420517,24.979094,0.018013
3.32500,266312,0.0012735789,0.985805,0.416246,24.947534,0.018016
3.33000,266307,0.0012235999,0.986617,0.420125,24.978420,0.018415
3.33500,266307,0.0012797904,0.985708,0.415387,24.943215,0.018419
3.34000,266299,0.0011630345,0.987575,0.424548,25.014693,0.018851
3.34500,266299,0.0012024204,0.986927,0.421082,24.989383,0.018851
3.35000,266294,0.0011311981,0.988061,0.426530,25.032655,0.019313
3.35500,266294,0.0011552622,0.987652,0.424227,25.016453,0.019313
3.36000,266293,0.0011586642,0.987566,0.423544,25.012711,0.019730
3.36500,266293,0.0011891327,0.987057,0.420751,24.992701,0.019794
3.37000,266290,0.0011543085,0.987598,0.423203,25.013082,0.020279
3.37500,266290,0.0011775385,0.987201,0.420955,24.997365,0.020279
3.38000,266289,0.0011811135,0.987122,0.420295,24.993878,0.020748
3.38500,266289,0.0012084761,0.986662,0.417739,24.975772,0.020748
3.39000,266287,0.0011931317,0.986880,0.418559,24.983674,0.021146
3.39500,266287,0.0012198257,0.986430,0.416050,24.965960,0.021191
3.40000,266285,0.0012044139,0.986653,0.416892,24.974075,0.021635
3.40500,266285,0.0012283763,0.986247,0.414591,24.958002,0.021635
3.41000,266284,0.0012320300,0.986156,0.413862,24.954048,0.022183
3.41500,266284,0.0012599800,0.985687,0.411257,24.935623,0.022187
3.42000,266282,0.0012476745,0.985863,0.411853,24.941890,0.022623
3.42500,266282,0.0012756109,0.985396,0.409255,24.923534,0.022630
3.43000,266280,0.0012616651,0.985582,0.409899,24.930195,0.023242
3.43500,266280,0.0012889654,0.985123,0.407340,24.912173,0.023242
3.44000,266278,0.0012757816,0.985308,0.407964,24.918741,0.024020
3.44500,266278,0.0013006765,0.984886,0.405579,24.902128,0.024020
3.45000,266277,0.0013079154,0.984749,0.404603,24.896378,0.024880
3.45500,266277,0.0013387529,0.984237,0.401780,24.876358,0.024899
3.46000,266274,0.0013087264,0.984684,0.403695,24.892950,0.025725
3.46500,266274,0.0013324615,0.984281,0.401389,24.877037,0.025725
3.47000,266273,0.0013376260,0.984174,0.400545,24.872418,0.026364
3.47500,266273,0.0013627512,0.983750,0.398137,24.855739,0.026492
3.48000,266272,0.0013693679,0.983613,0.397148,24.850012,0.027186
3.48500,266272,0.0013980288,0.983135,0.394479,24.831296,0.027186
3.49000,266270,0.0013883995,0.983256,0.394760,24.835407,0.027927
3.49500,266270,0.0014149227,0.982811,0.392243,24.817923,0.027927
3.50000,266269,0.0014238693,0.982637,0.391068,24.810807,0.028824
3.50500,266269,0.0014545426,0.982128,0.388242,24.790931,0.028892
3.51000,266267,0.0014494996,0.982181,0.388176,24.792423,0.029737
3.51500,266267,0.0014809358,0.981660,0.385292,24.772121,0.029737
3.52000,266265,0.0014779741,0.981684,0.385081,24.772512,0.030541
3.52500,266265,0.0015107982,0.981142,0.382096,24.751448,0.030549
3.53000,266263,0.0015104161,0.981126,0.381687,24.750315,0.031289
3.53500,266263,0.0015469333,0.980529,0.378439,24.727203,0.031334
3.54000,266260,0.0015310458,0.980747,0.379174,24.734938,0.032172
3.54500,266260,0.0015654745,0.980181,0.376071,24.712999,0.032172
3.55000,266259,0.0015879734,0.979802,0.373895,24.698175,0.033032
3.55500,266259,0.0016392259,0.978981,0.369588,24.666737,0.033036
3.56000,266252,0.0015734529,0.979993,0.374211,24.704530,0.033769
3.56500,266252,0.0016174867,0.979283,0.370425,24.677207,0.033773
3.57000,266247,0.0015789434,0.979863,0.372923,24.698656,0.034667
3.57500,266247,0.0016226061,0.979159,0.369167,24.671584,0.034667
3.58000,266241,0.0015645350,0.980044,0.373128,24.704498,0.035535
3.58500,266241,0.0015961381,0.979523,0.370233,24.684274,0.035686
3.59000,266239,0.0015955108,0.979503,0.369771,24.682968,0.036636
3.59500,266239,0.0016281153,0.978967,0.366803,24.662199,0.036685
3.60000,266238,0.0016496552,0.978606,0.364697,24.648076,0.037842
3.60500,266238,0.0016988206,0.977822,0.360565,24.618076,0.037842
3.61000,266230,0.0016169317,0.979069,0.366255,24.664582,0.038944
3.61500,266230,0.0016499292,0.978529,0.363263,24.643668,0.039056
3.62000,266227,0.0016343975,0.978737,0.363886,24.650950,0.040236
3.62500,266227,0.0016648814,0.978234,0.361067,24.631446,0.040240
3.63000,266225,0.0016653807,0.978198,0.360504,24.629527,0.041514
3.63500,266225,0.0016984029,0.977657,0.357507,24.608634,0.041581
3.64000,266222,0.0016857413,0.977827,0.357930,24.614449,0.043005
3.64500,266222,0.0017175191,0.977305,0.355020,24.594288,0.043066
3.65000,266219,0.0017034625,0.977499,0.355539,24.600963,0.044463
3.65500,266219,0.0017296202,0.977063,0.353023,24.583989,0.044463
3.66000,266219,0.0017592674,0.976575,0.350268,24.565091,0.045864
3.66500,266219,0.0017969426,0.975967,0.346956,24.541769,0.045883
3.67000,266214,0.0017597431,0.976513,0.349158,24.561649,0.047251
3.67500,266214,0.0017868671,0.976063,0.346575,24.544197,0.047330
3.68000,266213,0.0018004526,0.975822,0.344992,24.534566,0.048728
3.68500,266213,0.0018289436,0.975352,0.342314,24.516391,0.048728
3.69000,266213,0.0023250946,0.968094,0.309347,24.250692,0.049915
3.69500,266212,0.0018741102,0.974588,0.337806,24.486664,0.050103
3.70000,266211,0.0018931412,0.974269,0.335851,24.474142,0.051440
3.70500,266211,0.0019279923,0.973704,0.332738,24.452511,0.051448
3.71000,266209,0.0019372199,0.973526,0.331460,24.445288,0.052857
3.71500,266209,0.0019757238,0.972904,0.328092,24.421614,0.052857
3.72000,266206,0.0019791063,0.972842,0.327349,24.418636,0.054247
3.72500,266206,0.0020208400,0.972173,0.323769,24.393272,0.054338
3.73000,266202,0.0020153585,0.972249,0.323674,24.395419,0.055864
3.73500,266202,0.0020576608,0.971575,0.320070,24.369882,0.055864
3.74000,266199,0.0020649305,0.971425,0.318936,24.363767,0.057397
3.74500,266199,0.0021154411,0.970628,0.314777,24.333747,0.057408
3.75000,266195,0.0031570806,0.955616,0.248583,23.794513,0.058915
3.75500,266192,0.0021294666,0.970366,0.312684,24.322952,0.058912
3.76000,266188,0.0021331240,0.970297,0.311911,24.319766,0.060469
3.76500,266188,0.0021850288,0.969479,0.307668,24.289078,0.060469
3.77000,266183,0.0021859603,0.969449,0.307096,24.287395,0.062130
3.77500,266183,0.0022497011,0.968455,0.302072,24.250358,0.062138
3.78000,266172,0.0021970706,0.969259,0.305389,24.279388,0.063699
3.78500,266172,0.0022597202,0.968282,0.300445,24.242985,0.063707
3.79000,266162,0.0022196491,0.968890,0.302847,24.264827,0.065351
3.79500,266162,0.0022875497,0.967836,0.297563,24.225632,0.065351
3.80000,266149,0.0025877224,0.963540,0.278933,24.071569,0.066730
3.80500,266148,0.0022699934,0.968093,0.297914,24.234091,0.066940
3.81000,266138,0.0022279306,0.968735,0.300429,24.257084,0.068874
3.81500,266138,0.0022878521,0.967802,0.295693,24.222332,0.068874
3.82000,266129,0.0022574117,0.968244,0.297297,24.238049,0.070394
3.82500,266129,0.0023242538,0.967206,0.292104,24.199526,0.070394
3.83000,266120,0.0036587149,0.948085,0.209922,23.521282,0.072054
3.83500,266115,0.0023131793,0.967370,0.291987,24.204543,0.072191
3.84000,266105,0.0026273913,0.962859,0.272483,24.042876,0.073993
3.84500,266104,0.0023201655,0.967228,0.290440,24.198335,0.073990
3.85000,266097,0.0023128939,0.967329,0.290451,24.201530,0.075912
3.85500,266097,0.0023793428,0.966296,0.285305,24.163308,0.075946
3.86000,266086,0.0026837336,0.961949,0.266600,24.007828,0.077937
3.86500,266085,0.0024093088,0.965827,0.282306,24.145243,0.077986
3.87000,266069,0.0023377332,0.966943,0.286938,24.185494,0.080145
3.87500,266069,0.0024118989,0.965794,0.281299,24.143134,0.080145
3.88000,266050,0.0023122443,0.967354,0.287920,24.199591,0.082353
3.88500,266050,0.0023751203,0.966375,0.283019,24.163327,0.082353
3.89000,266038,0.0023311984,0.967057,0.285642,24.187755,0.084413
3.89500,266038,0.0023971219,0.966031,0.280552,24.149866,0.084450
3.90000,266024,0.0023404980,0.966928,0.284115,24.182029,0.086398
3.90500,266024,0.0024075101,0.965888,0.278972,24.143659,0.086398
3.91000,266009,0.0023413738,0.966913,0.283106,24.180531,0.088452
3.91500,266009,0.0024080136,0.965879,0.277994,24.142361,0.088452
3.92000,265993,0.0023331885,0.967050,0.282751,24.184492,0.090536
3.92500,265993,0.0023952020,0.966085,0.277947,24.148856,0.090540
3.93000,265979,0.0023324893,0.967056,0.281770,24.183620,0.092395
3.93500,265979,0.0023907736,0.966146,0.277208,24.149975,0.092395
3.94000,265970,0.0032018596,0.954424,0.228237,23.734289,0.094251
3.94500,265967,0.0024045984,0.965925,0.275212,24.140876,0.094346
3.95000,265953,0.0023450229,0.966874,0.278897,24.174806,0.096479
3.95500,265953,0.0023978546,0.966046,0.274700,24.144152,0.096479
3.96000,265944,0.0023781679,0.966364,0.275567,24.155089,0.098675
3.96500,265944,0.0024379369,0.965434,0.270946,24.120803,0.098690
3.97000,265930,0.0023809573,0.966320,0.274332,24.152453,0.100594
3.97500,265930,0.0024381429,0.965429,0.269881,24.119552,0.100669
3.98000,265917,0.0023892660,0.966196,0.272719,24.146836,0.102731
3.98500,265917,0.0024445955,0.965331,0.268393,24.114941,0.102731
3.99000,265905,0.0024054004,0.965960,0.270596,24.137127,0.104865
3.99500,265905,0.0024617221,0.965082,0.266222,24.104780,0.104865
4.00000,265894,0.0029767374,0.957611,0.235562,23.840190,0.107073
4.00500,265892,0.0024725355,0.964925,0.264465,24.098029,0.107130
4.01000,265878,0.0024186239,0.965769,0.267594,24.128074,0.109415
4.01500,265878,0.0024716669,0.964942,0.263446,24.097568,0.109415
4.02000,265865,0.0024236125,0.965691,0.266159,24.124243,0.111933
4.02500,265865,0.0024712990,0.964944,0.262352,24.096617,0.111933
4.03000,265856,0.0024528216,0.965237,0.263055,24.106690,0.114570
4.03500,265856,0.0025039531,0.964438,0.259044,24.077250,0.114600
4.04000,265844,0.0024676594,0.965020,0.260987,24.097767,0.117069
4.04500,265844,0.0025160433,0.964264,0.257162,24.069888,0.117069
4.05000,265837,0.0030236529,0.956893,0.227348,23.809495,0.119415
4.05500,265835,0.0025560539,0.963647,0.253396,24.046591,0.119563
4.06000,265821,0.0025127301,0.964340,0.255802,24.071122,0.122146
4.06500,265821,0.0025651056,0.963527,0.251763,24.041259,0.122146
4.07000,265811,0.0030414908,0.956617,0.224131,23.797899,0.124844
4.07500,265809,0.0025910857,0.963126,0.248950,24.025879,0.124909
4.08000,265795,0.0032405464,0.953732,0.211755,23.695955,0.127561
4.08500,265792,0.0025769369,0.963354,0.248765,24.033056,0.127701
4.09000,265781,0.0025512475,0.963756,0.249885,24.047060,0.130615
4.09500,265781,0.0025998090,0.962999,0.246105,24.019289,0.130615
4.10000,265771,0.0025850403,0.963241,0.246527,24.027421,0.133419
4.10500,265771,0.0026405682,0.962380,0.242341,23.995991,0.133525
4.11000,265754,0.0025862171,0.963243,0.245386,24.026564,0.136322
4.11500,265754,0.0026365674,0.962461,0.241527,23.997960,0.136367
4.12000,265741,0.0026031460,0.962985,0.243112,24.016222,0.139549
4.12500,265741,0.0026519227,0.962226,0.239353,23.988459,0.139549
4.13000,265731,0.0026418450,0.962384,0.239434,23.993714,0.142667
4.13500,265731,0.0027007613,0.961471,0.235082,23.960549,0.142667
4.14000,265710,0.0026312050,0.962580,0.239075,23.999775,0.145783
4.14500,265710,0.0026818259,0.961791,0.235221,23.971015,0.145791
4.15000,265696,0.0026511800,0.962297,0.236693,23.988591,0.148963
4.15500,265696,0.0027028591,0.961492,0.232789,23.959303,0.148963
4.16000,265682,0.0029006599,0.958663,0.221659,23.859947,0.151640
4.16500,265681,0.0027234729,0.961209,0.230441,23.948251,0.151919
4.17000,265665,0.0026861078,0.961806,0.232288,23.969172,0.155101
4.17500,265665,0.0027421384,0.960936,0.228156,23.937626,0.155101
4.18000,265644,0.0026810910,0.961937,0.231606,23.972861,0.157839
4.18500,265644,0.0027318275,0.961148,0.227798,23.944188,0.157993
4.19000,265627,0.0029084417,0.958641,0.218122,23.856609,0.160793
4.19500,265626,0.0027302988,0.961225,0.226870,23.945943,0.160933
4.20000,265611,0.0026925905,0.961834,0.228697,23.967224,0.164214
4.20500,265611,0.0027326491,0.961211,0.225548,23.944449,0.164214
4.21000,265603,0.0029402920,0.958190,0.213813,23.838399,0.167773
4.21500,265602,0.0027663826,0.960691,0.222199,23.924944,0.167770
4.22000,265593,0.0027627272,0.960751,0.221818,23.926672,0.171379
4.22500,265593,0.0028104631,0.960009,0.218242,23.899775,0.171390
4.23000,265576,0.0027730022,0.960627,0.220071,23.921340,0.175185
4.23500,265576,0.0028145018,0.959981,0.216865,23.897820,0.175185
4.24000,265570,0.0033476972,0.952131,0.187820,23.624853,0.179090
4.24500,265567,0.0028616629,0.959266,0.212783,23.871478,0.179081
4.25000,265553,0.0028460705,0.959543,0.213257,23.880929,0.183078
4.25500,265553,0.0028954146,0.958779,0.209637,23.853349,0.183086
4.26000,265537,0.0028726804,0.959157,0.210502,23.866361,0.187006
4.26500,265537,0.0029229169,0.958378,0.206841,23.838300,0.187006
4.27000,265523,0.0030917755,0.955938,0.197629,23.753329,0.190970
4.27500,265522,0.0029694187,0.957692,0.202984,23.813277,0.191238
4.28000,265497,0.0029216761,0.958472,0.205435,23.840686,0.195302
4.28500,265497,0.0029792259,0.957581,0.201390,23.808751,0.195302
4.29000,265474,0.0034136588,0.951300,0.178937,23.591682,0.199481
4.29500,265471,0.0029865961,0.957539,0.200047,23.806660,0.199517
4.30000,265447,0.0029420645,0.958265,0.202250,23.832146,0.203675
4.30500,265447,0.0029934740,0.957470,0.198580,23.803587,0.203837
4.31000,265429,0.0029756212,0.957783,0.199185,23.814439,0.207920
4.31500,265429,0.0030306148,0.956932,0.195332,23.783992,0.207920
4.32000,265410,0.0033201429,0.952729,0.180338,23.638693,0.212091
4.32500,265408,0.0030669177,0.956420,0.192206,23.765309,0.212085
4.33000,265384,0.0033369500,0.952517,0.178411,23.630676,0.215838
4.33500,265382,0.0030937262,0.956069,0.189724,23.752403,0.215889
4.34000,265356,0.0030634112,0.956580,0.191100,23.770356,0.219931
4.34500,265356,0.0031329399,0.955509,0.186508,23.732269,0.219931
4.35000,265318,0.0030692545,0.956563,0.189939,23.769465,0.224342
4.35500,265318,0.0031394207,0.955481,0.185326,23.731022,0.224342
4.36000,265280,0.0030799219,0.956478,0.188525,23.766204,0.228871
4.36500,265280,0.0031550797,0.955320,0.183661,23.725120,0.228883
4.37000,265232,0.0030648888,0.956814,0.188710,23.777962,0.233392
4.37500,265232,0.0031374467,0.955698,0.184010,23.738347,0.233392
4.38000,265191,0.0037967645,0.946036,0.151456,23.406891,0.237455
4.38500,265185,0.0031055964,0.956263,0.185005,23.758185,0.237973
4.39000,265151,0.0030512114,0.957161,0.187767,23.789955,0.242798
4.39500,265151,0.0031184680,0.956123,0.183371,23.753066,0.242798
4.40000,265110,0.0030434427,0.957362,0.187376,23.796962,0.247471
4.40500,265110,0.0031072787,0.956377,0.183178,23.761918,0.247629
4.41000,265077,0.0035732470,0.949546,0.160310,23.526792,0.252383
4.41500,265073,0.0031031915,0.956505,0.182483,23.766226,0.252606
4.42000,265040,0.0031945364,0.955235,0.178009,23.722709,0.257406
4.42500,265039,0.0031101912,0.956460,0.181152,23.764445,0.257404
4.43000,265005,0.0030585754,0.957328,0.183709,23.795120,0.262218
4.43500,265005,0.0031210903,0.956356,0.179604,23.760558,0.262289
4.44000,264971,0.0034420529,0.951582,0.163797,23.596300,0.266954
4.44500,264968,0.0031309399,0.956307,0.178270,23.758708,0.267021
4.45000,264928,0.0030644025,0.957416,0.181681,23.798081,0.271855
4.45500,264928,0.0031263610,0.956456,0.177650,23.763950,0.271855
4.46000,264890,0.0030636416,0.957487,0.180756,23.800571,0.276934
4.46500,264890,0.0031238686,0.956549,0.176812,23.767198,0.276934
4.47000,264853,0.0030700495,0.957477,0.179531,23.800187,0.282096
4.47500,264853,0.0031301119,0.956541,0.175615,23.766929,0.282096
4.48000,264815,0.0030717430,0.957530,0.178523,23.802076,0.287333
4.48500,264815,0.0031291858,0.956634,0.174754,23.770203,0.287333
4.49000,264785,0.0034655028,0.951695,0.158701,23.599567,0.292143
4.49500,264782,0.0031477543,0.956415,0.172793,23.762390,0.292490
4.50000,264745,0.0034545428,0.951862,0.158165,23.605441,0.297305
4.50500,264742,0.0031479015,0.956496,0.171903,23.765357,0.297297
4.51000,264711,0.0037572622,0.947362,0.142897,23.450429,0.302575
4.51500,264705,0.0031607703,0.956381,0.170326,23.761364,0.302559
4.52000,264667,0.0036459072,0.949012,0.147129,23.507603,0.307382
4.52500,264662,0.0031564842,0.956577,0.169816,23.768420,0.307592
4.53000,264630,0.0031223819,0.957178,0.171298,23.789898,0.312977
4.53500,264630,0.0031840042,0.956214,0.167399,23.755690,0.312977
