time_utc,rated,procedure,period,gate_opening_m,head_difference_m,q_measured_m3s,q_predicted_m3s,relative_residual
2018-01-10T18:15:00+00:00,Fair,Acoustic Doppler Current Profiler,before,0.457200,0.902208,10.675451,10.861341,0.017413
2018-02-14T18:24:39+00:00,Fair,Acoustic Doppler Current Profiler,before,0.530352,0.917448,12.912482,12.705122,-0.016059
2018-03-07T20:59:25+00:00,Fair,Acoustic Doppler Current Profiler,before,0.731520,0.835152,16.083969,16.719868,0.039536
2018-04-10T17:10:11+00:00,Fair,Acoustic Doppler Current Profiler,before,1.255776,0.603504,25.258627,24.399231,-0.034024
2018-06-12T15:50:04+00:00,Good,Acoustic Doppler Current Profiler,before,1.005840,0.515112,18.321000,18.055255,-0.014505
2018-08-13T16:59:00+00:00,Fair,Acoustic Doppler Current Profiler,before,0.755904,0.697992,15.347731,15.794859,0.029133
2018-10-11T17:39:47+00:00,Fair,Acoustic Doppler Current Profiler,before,0.621792,0.856488,14.271691,14.392282,0.008450
2018-11-08T16:30:27+00:00,Fair,Acoustic Doppler Current Profiler,before,0.557784,0.929640,13.337235,13.450776,0.008513
2019-01-29T17:57:10+00:00,Fair,Acoustic Doppler Current Profiler,before,0.530352,0.896112,12.147927,12.556519,0.033635
2019-04-04T17:19:08+00:00,Fair,Acoustic Doppler Current Profiler,before,1.075944,0.749808,22.936646,23.301753,0.015918
2019-05-29T15:08:30+00:00,Fair,Acoustic Doppler Current Profiler,before,0.954024,0.688848,19.680208,19.803634,0.006272
2019-07-08T15:07:03+00:00,Fair,Acoustic Doppler Current Profiler,before,0.737616,0.713232,14.979612,15.580078,0.040086
2019-08-01T14:08:40+00:00,Fair,Acoustic Doppler Current Profiler,before,0.704088,0.847344,16.027335,16.209914,0.011392
2019-10-07T16:37:53+00:00,Fair,Acoustic Doppler Current Profiler,before,0.585216,1.002792,14.300008,14.657014,0.024965
2019-12-11T15:27:52+00:00,Fair,Acoustic Doppler Current Profiler,before,0.207264,1.155192,5.748320,5.571535,-0.030754
2020-01-15T21:27:03+00:00,Good,Acoustic Doppler Current Profiler,before,0.597408,0.941832,13.960205,14.500455,0.038699
2020-02-13T17:57:57+00:00,Good,Acoustic Doppler Current Profiler,before,0.256032,1.048512,6.456241,6.556995,0.015606
2020-03-09T18:17:33+00:00,Fair,Acoustic Doppler Current Profiler,before,0.469392,1.075944,12.006343,12.177395,0.014247
2020-04-06T15:28:46+00:00,Good,Acoustic Doppler Current Profiler,before,0.704088,0.731520,14.781394,15.061351,0.018940
2020-05-04T15:38:11+00:00,Fair,Acoustic Doppler Current Profiler,before,1.213104,0.594360,23.248131,23.390888,0.006141
2020-06-15T14:04:57+00:00,Fair,Acoustic Doppler Current Profiler,before,0.972312,0.664464,19.850109,19.822812,-0.001375
2020-07-06T14:38:18+00:00,Good,Acoustic Doppler Current Profiler,before,1.072896,0.652272,21.322585,21.671845,0.016380
2020-09-15T14:38:00+00:00,Fair,Acoustic Doppler Current Profiler,before,0.902208,0.542544,16.706939,16.620651,-0.005165
2020-10-13T20:30:29+00:00,Fair,Acoustic Doppler Current Profiler,before,0.783336,0.841248,17.754663,17.969417,0.012096
2020-11-12T15:35:56+00:00,Fair,Acoustic Doppler Current Profiler,before,0.539496,0.905256,13.365552,12.838013,-0.039470
2020-12-08T19:24:42+00:00,Fair,Acoustic Doppler Current Profiler,before,0.579120,0.935736,14.101790,14.011000,-0.006438
2021-01-07T20:14:59+00:00,Good,Acoustic Doppler Current Profiler,before,0.673608,0.685800,14.186740,13.951788,-0.016561
2021-03-01T20:21:29+00:00,Fair,Acoustic Doppler Current Profiler,before,0.926592,0.633984,18.745752,18.452346,-0.015652
2021-04-01T15:38:29+00:00,Fair,Acoustic Doppler Current Profiler,before,0.850392,0.886968,20.473080,20.030742,-0.021606
2021-05-10T15:03:15+00:00,Fair,Acoustic Doppler Current Profiler,before,1.213104,0.539496,23.219814,22.285174,-0.040252
2021-06-07T17:19:21+00:00,Fair,Acoustic Doppler Current Profiler,before,1.213104,0.545592,23.106547,22.410726,-0.030114
2021-07-12T14:24:01+00:00,Fair,Acoustic Doppler Current Profiler,before,0.890016,0.673608,18.915654,18.269443,-0.034163
2021-08-03T17:56:26+00:00,Good,Acoustic Doppler Current Profiler,before,0.740664,0.725424,16.678623,15.777605,-0.054022
2021-09-01T17:12:19+00:00,Fair,Acoustic Doppler Current Profiler,before,0.509016,0.947928,12.969116,12.394899,-0.044276
2021-10-07T16:40:46+00:00,Fair,Acoustic Doppler Current Profiler,before,0.691896,0.752856,15.602582,15.014838,-0.037670
2021-11-08T17:45:25+00:00,Fair,Acoustic Doppler Current Profiler,after,0.954024,0.652272,19.793476,20.013564,0.011119
2021-12-08T19:07:28+00:00,Fair,Acoustic Doppler Current Profiler,after,0.420624,1.033272,11.638224,11.105859,-0.045743
2022-01-07T18:25:43+00:00,Fair,Acoustic Doppler Current Profiler,after,0.509016,0.844296,12.006343,12.148693,0.011856
2022-03-02T16:51:40+00:00,Fair,Acoustic Doppler Current Profiler,after,0.734568,0.920496,18.405950,18.306011,-0.005430
2022-05-05T15:51:56+00:00,Good,Acoustic Doppler Current Profiler,after,1.472184,0.481584,26.108133,26.536820,0.016420
2022-05-05T16:41:59+00:00,Good,Acoustic Doppler Current Profiler,after,1.478280,0.469392,26.476252,26.307241,-0.006383
2022-06-01T16:48:14+00:00,Fair,Acoustic Doppler Current Profiler,after,0.981456,0.746760,21.379219,22.029879,0.030434
2022-07-01T15:06:57+00:00,Fair,Acoustic Doppler Current Profiler,after,0.877824,0.688848,19.368723,18.924304,-0.022945
2022-09-01T16:21:37+00:00,Fair,Acoustic Doppler Current Profiler,after,0.499872,1.146048,13.025749,13.899877,0.067108
2022-10-06T16:27:35+00:00,Fair,Acoustic Doppler Current Profiler,after,1.030224,0.606552,20.133278,20.840899,0.035147
2022-12-09T17:10:42+00:00,Fair,Acoustic Doppler Current Profiler,after,0.353568,1.072896,10.052481,9.512672,-0.053699
2023-01-10T17:05:02+00:00,Good,Acoustic Doppler Current Profiler,after,0.420624,0.807720,10.165748,9.819180,-0.034092
2023-02-08T19:33:48+00:00,Fair,Acoustic Doppler Current Profiler,after,0.338328,0.978408,8.438420,8.692580,0.030119
2023-03-07T16:01:20+00:00,Fair,Acoustic Doppler Current Profiler,after,0.475488,0.923544,11.978026,11.869136,-0.009091
2023-04-04T17:24:13+00:00,Fair,Acoustic Doppler Current Profiler,after,0.816864,0.762000,18.321000,18.521579,0.010948
2023-05-01T18:44:37+00:00,Good,Acoustic Doppler Current Profiler,after,0.877824,0.637032,17.896247,18.198636,0.016897
2023-06-01T17:38:43+00:00,Good,Acoustic Doppler Current Profiler,after,0.789432,0.822960,18.264366,18.601795,0.018475
2023-08-02T16:49:57+00:00,Good,Acoustic Doppler Current Profiler,after,0.816864,0.850392,19.397040,19.566363,0.008729
2023-10-02T16:36:56+00:00,Good,Acoustic Doppler Current Profiler,after,0.850392,0.673608,18.179416,18.128987,-0.002774
2023-11-01T17:39:40+00:00,Good,Acoustic Doppler Current Profiler,after,0.697992,0.643128,14.668127,14.539515,-0.008768
2023-12-04T17:45:24+00:00,Fair,Acoustic Doppler Current Profiler,after,0.356616,1.048512,9.712678,9.485021,-0.023439
2024-02-01T17:02:43+00:00,Good,Acoustic Doppler Current Profiler,after,0.155448,0.874776,3.851091,3.776455,-0.019380
2024-03-05T17:55:51+00:00,Good,Acoustic Doppler Current Profiler,after,0.947928,0.591312,18.547535,18.933655,0.020818
2024-04-08T17:50:59+00:00,Good,Acoustic Doppler Current Profiler,after,0.701040,0.798576,16.140603,16.272403,0.008166
2024-05-01T16:54:30+00:00,Good,Acoustic Doppler Current Profiler,after,1.289304,0.563880,24.777241,25.147767,0.014954
2024-06-04T20:37:12+00:00,Fair,Acoustic Doppler Current Profiler,after,0.893064,0.746760,19.255456,20.045822,0.041046
2024-07-01T15:37:11+00:00,Good,Acoustic Doppler Current Profiler,after,0.545592,0.853440,13.025749,13.091977,0.005084
2024-08-05T15:52:08+00:00,Fair,Acoustic Doppler Current Profiler,after,0.600456,0.737616,13.308918,13.395135,0.006478
2024-09-03T18:07:31+00:00,Good,Acoustic Doppler Current Profiler,after,0.573024,0.707136,12.600997,12.516273,-0.006724
2024-10-01T15:50:38+00:00,Good,Acoustic Doppler Current Profiler,after,0.911352,0.676656,18.915654,19.472463,0.029436
2024-11-01T16:52:02+00:00,Fair,Acoustic Doppler Current Profiler,after,0.704088,0.725424,15.376048,15.576636,0.013045
2024-12-02T16:54:39+00:00,Fair,Acoustic Doppler Current Profiler,after,0.441960,0.853440,10.760402,10.605233,-0.014420
2025-01-06T18:05:24+00:00,Fair,Acoustic Doppler Current Profiler,after,0.536448,0.646176,11.524957,11.200923,-0.028116
2025-02-03T18:31:21+00:00,Good,Acoustic Doppler Current Profiler,after,0.304800,0.890016,7.645549,7.469037,-0.023087
2025-03-14T17:21:58+00:00,Good,Acoustic Doppler Current Profiler,after,0.384048,1.194816,11.071887,10.904024,-0.015161
2025-04-09T16:53:38+00:00,Fair,Acoustic Doppler Current Profiler,after,1.286256,0.600456,27.212490,25.889208,-0.048628
2025-05-01T15:52:53+00:00,Fair,Acoustic Doppler Current Profiler,after,1.008888,0.655320,21.265952,21.213895,-0.002448
2025-06-16T17:43:54+00:00,Good,Acoustic Doppler Current Profiler,after,0.670560,0.719328,14.696443,14.772428,0.005170
2025-07-07T17:43:05+00:00,Good,Acoustic Doppler Current Profiler,after,0.545592,0.801624,12.685947,12.688320,0.000187
2025-08-12T15:41:58+00:00,Good,Acoustic Doppler Current Profiler,after,0.789432,0.740664,17.867930,17.647212,-0.012353
2025-09-11T16:40:30+00:00,Good,Acoustic Doppler Current Profiler,after,0.768096,0.752856,16.933474,17.311002,0.022295
2025-12-11T17:13:08+00:00,Fair,Acoustic Doppler Current Profiler,after,0.301752,0.609600,6.399607,6.119605,-0.043753
