fold,a_s_m2
2018,517330.578240
2018,-974213.793504
2018,179000.212407
2018,444868.939482
2018,361769.243090
2018,435669.460327
2018,138269.169447
2018,286425.878760
2018,443670.080400
2018,291874.458695
2018,231811.372800
2018,559941.984000
2018,1356239.698938
2018,472144.592093
2018,73556.609643
2018,1274024.758772
2018,140906.801184
2018,485126.266194
2018,112877.193600
2018,596310.830836
2018,545696.062306
2018,134301.954168
2018,1542236.915520
2018,242689.960479
2018,765211.372800
2018,266643.812556
2018,242271.329311
2018,231813.961888
2018,438966.864000
2018,397714.556299
2018,300361.573381
2018,593967.577357
2018,372974.530083
2018,-47089.172684
2018,212167.317600
2018,315570.648774
2018,182527.949306
2018,1424761.021440
2018,600896.862720
2018,138526.428393
2018,79855.240577
2018,408765.943757
2018,370870.722277
2018,752331.530418
2018,467471.205818
2018,504811.893600
2018,624728.338236
2018,184886.891024
2018,539302.147200
2018,492474.067541
2018,-1290180.869843
2018,670619.674408
2018,309185.356383
2018,99807.202762
2018,274755.784083
2018,793748.302027
2018,486690.441009
2018,221327.830588
2018,457779.729600
2018,231092.473031
2018,237460.170240
2018,360414.898863
2018,222267.124308
2018,614879.979016
2018,68638.455098
2018,1300089.095081
2018,243067.141948
2018,152716.203106
2018,325429.569853
2018,294639.879927
2018,566211.689134
2018,224874.253137
2018,273413.646720
2018,491725.322772
2018,233550.709881
2018,309742.910778
2018,956441.263292
2018,359210.912654
2018,797163.825024
2018,1131208.134423
2018,296825.212800
2018,396555.403832
2018,620957.361498
2018,732986.280290
2018,460239.873563
2018,719097.033789
2018,197503.047423
2018,263098.729385
2018,162566.542007
2018,172761.711327
2018,254207.676466
2018,1007628.483273
2018,447983.480666
2018,534137.831153
2018,440928.727079
2018,420320.483936
2018,401206.273548
2018,868501.382162
2018,314923.324366
2018,184193.939012
2018,67080.727206
2018,295529.804214
2018,596496.816613
2018,-909742.921043
2018,213711.084859
2018,645769.031040
2018,645584.025848
2018,297471.703027
2018,343907.832761
2018,602847.826560
2018,652800.227453
2018,-251392.268299
2018,307984.815871
2018,223450.771004
2018,680071.051988
2018,1730783.635200
2018,501435.225415
2018,82591.395378
2018,241431.775200
2018,444952.775782
2018,242279.565281
2018,746243.668800
2018,409702.406400
2018,320810.635728
2018,686854.034259
2018,512128.008000
2018,430038.724393
2018,-1370340.036313
2018,-117789.441840
2018,17331.377802
2018,243037.751532
2018,349734.255580
2018,228195.751438
2018,200094.436240
2018,530060.739537
2018,382802.753455
2018,-955693.572480
2018,287386.118775
2018,423004.432582
2018,316934.075808
2018,-118558.571815
2018,462324.733828
2018,282584.918700
2018,126607.284985
2018,550779.178415
2018,476259.624127
2018,-319053.964566
2018,-350329.324154
2018,439717.234708
2018,234647.741847
2018,286831.772778
2018,734885.784906
2018,342394.153920
2018,204576.419561
2018,-203656.735543
2018,-525381.283301
2018,411319.227262
2018,1225116.611345
2018,79052.041309
2018,37922.581150
2018,437160.416000
2018,1131091.330389
2018,470608.130339
2018,696549.306838
2018,307013.950390
2018,267585.788953
2018,177021.277835
2018,404049.045273
2018,-1385016.139862
2018,391525.724661
2018,61167.513836
2018,90453.778036
2018,276430.484627
2018,82440.118361
2018,466052.053481
2018,592846.456985
2018,455988.028114
2018,-442443.829259
2018,236728.558800
2018,493916.672875
2018,403270.657477
2018,297554.719893
2018,458891.601089
2018,186642.207360
2018,-189070.369409
2018,-81249.767374
2018,24933.317875
2018,236315.995958
2018,391384.196299
2018,-499884.714514
2018,1316087.690400
2018,433392.681600
2018,594211.242732
2018,243539.808163
2018,603039.724643
2018,-486422.741189
2018,217044.727200
2018,354365.977484
2018,-2293269.313745
2018,980153.241870
2018,316296.671868
2018,208841.811055
2018,765056.534400
2018,244744.732664
2018,-225023.790478
2018,224479.802810
2018,277574.256517
2018,209987.414126
2018,314266.723017
2018,544564.487228
2018,585550.441800
2018,-663978.026880
2018,-473227.692410
2018,-149068.512760
2018,220976.516571
2018,555804.660884
2018,172085.782881
2018,-1075468.816800
2018,597308.482800
2018,535325.443902
2018,-571843.320130
2018,1696293.381600
2018,580786.927754
2018,226944.133641
2018,-165051.540864
2018,246770.561384
2018,544318.911360
2018,762001.453662
2018,604878.421577
2018,987290.385347
2018,918526.362735
2018,323669.301726
2018,511721.557200
2018,-165019.024800
2018,743181.109284
2018,692592.163200
2018,375316.668720
2018,-306506.687495
2018,171263.587091
2018,394853.937766
2018,340749.475960
2018,399264.128530
2018,329368.601224
2018,226549.727860
2018,1191906.637505
2018,463353.912000
2018,469258.144674
2018,257788.183827
2018,459870.048000
2018,92957.688847
2018,549335.675520
2018,484858.854327
2018,517980.899520
2018,81802.766185
2018,163353.242833
2018,-573932.795319
2018,294366.014682
2018,290055.797058
2018,559862.656052
2018,652822.515692
2018,262949.758729
2018,469289.073080
2018,-257636.626721
2018,1234771.307768
2018,153638.402400
2018,1031105.144374
2018,605965.127478
2018,229140.703008
2018,-788789.687926
2018,207331.241980
2018,412567.458193
2018,552621.850493
2018,553773.582277
2018,303824.256431
2018,411356.934038
2018,466854.170654
2018,768857.113309
2018,398063.133491
2018,459514.249123
2018,78530.769248
2018,255398.902691
2018,-155809.117662
2018,378897.714189
2018,889295.223304
2018,471952.813318
2018,385341.722776
2018,360218.869004
2018,519776.673055
2018,198741.041723
2018,252971.625748
2018,87793.372800
2018,-201677.948761
2018,784796.410769
2018,486761.711741
2018,127227.364649
2018,-231936.392681
2018,64732.440774
2018,-121617.448440
2018,-203925.112770
2018,220953.655946
2018,46939.031002
2018,488071.631837
2018,-683990.186269
2018,381901.171680
2018,208217.910712
2018,2016702.838957
2018,669156.804878
2018,278772.462982
2018,59457.945600
2018,861532.768246
2018,91508.459845
2018,178384.940749
2018,613990.831569
2018,51081.976196
2018,-357082.660523
2018,659234.165400
2018,190398.510950
2018,-42474.335667
2018,371785.848292
2018,350531.100667
2018,233279.533440
2018,296302.633200
2018,1084178.476800
2018,293341.348800
2018,819404.812800
2018,1029181.716784
2018,458615.856960
2018,179547.348884
2018,596994.935040
2018,119984.276160
2018,284324.289035
2018,456308.764800
2018,224855.862276
2018,680398.639200
2018,297664.391720
2018,350432.618856
2018,214545.054780
2018,410515.308000
2018,454149.176589
2018,-228671.110549
2018,725052.165021
2018,250147.494094
2018,404706.035590
2018,644912.065615
2018,337888.967684
2018,391307.604480
2018,518163.259642
2018,246942.210301
2018,348256.767851
2018,944096.849530
2018,451957.768806
2018,-1206728.516329
2018,88472.187538
2018,262938.945672
2018,427148.525354
2018,256551.744960
2018,311546.058590
2018,729692.459174
2018,-509448.867516
2018,453775.384713
2018,381392.224591
2018,243239.285816
2018,142945.619815
2018,754372.684800
2018,804187.294848
2018,-291138.317153
2018,-592174.906729
2018,225580.194000
2018,208388.665108
2018,211585.701811
2018,520841.582454
2018,492563.567245
2018,405584.353983
2018,-520599.298358
2018,221637.870596
2018,-208370.346835
2018,612302.497477
2018,653494.218503
2018,415262.653344
2018,414351.899664
2018,-154576.365785
2018,123432.266709
2018,200566.627916
2018,219710.875971
2018,717143.618265
2018,201089.704794
2018,-257893.032600
2018,342523.897821
2018,345737.369045
2018,1290116.173180
2018,-715853.655138
2018,278012.347200
2018,558340.586728
2018,371865.531927
2018,648573.541560
2018,175434.590708
2018,81953.041133
2018,460477.490954
2018,309978.139348
2018,328954.180800
2018,779301.667200
2018,757905.773545
2018,357768.298546
2018,768665.717249
2018,657313.213160
2018,951617.451600
2018,510769.301040
2018,572150.007771
2018,570366.216668
2018,-594222.512741
2018,450485.852630
2018,169605.688572
2018,652863.445004
2018,973893.926177
2018,621267.220461
2018,805591.988813
2018,-179011.651902
2018,258716.909578
2018,740904.882616
2018,283148.162607
2018,1389016.576800
2018,305128.015955
2018,-1180333.123200
2018,134641.096941
2018,-590733.702251
2018,890224.800192
2018,-789481.904904
2018,1672951.492800
2018,647092.412106
2018,486329.078274
2018,264835.257176
2018,279505.431771
2018,259350.258665
2018,590500.630751
2018,2170023.149426
2018,-247464.360758
2018,1466880.937200
2018,157730.466386
2018,424252.890905
2018,-519355.976443
2018,224186.648400
2018,1089705.579957
2018,706459.633116
2018,763285.911755
2018,301261.332960
2018,290891.231342
2018,1409509.689514
2018,763462.810979
2018,332310.256482
2018,400234.493647
2018,417203.348953
2019,-249900.033600
2019,479188.478980
2019,196754.317698
2019,128679.095151
2019,-401607.981957
2019,1230370.433197
2019,617275.884726
2019,471382.878572
2019,293068.698574
2019,467060.743296
2019,303446.892564
2019,227392.744865
2019,524178.078776
2019,383144.488231
2019,-761220.185336
2019,-1360797.278400
2019,213395.570382
2019,315554.465664
2019,382045.886031
2019,253214.569971
2019,664909.704776
2019,737726.401290
2019,482863.550400
2019,254507.383915
2019,1001113.205143
2019,1023852.368309
2019,325433.025876
2019,211114.024865
2019,153040.587605
2019,469952.760282
2019,185038.951796
2019,1083555.048505
2019,401467.182151
2019,393698.406150
2019,362901.613521
2019,426098.804630
2019,753506.575095
2019,695962.009833
2019,563648.208565
2019,374123.625998
2019,702346.982400
2019,597372.172189
2019,612797.742144
2019,359916.399695
2019,311740.874603
2019,363880.426737
2019,450108.154964
2019,251661.528158
2019,-206849.751524
2019,285955.557120
2019,399660.680753
2019,1843660.828800
2019,460229.321475
2019,207144.903931
2019,229526.632744
2019,289354.489051
2019,273318.990792
2019,391108.382799
2019,298892.044476
2019,-399830.059258
2019,110029.248880
2019,434748.563805
2019,-370683.129600
2019,-416140.587072
2019,581722.292902
2019,522730.377065
2019,568023.122016
2019,327122.816276
2019,293869.030293
2019,509418.336000
2019,1363235.983200
2019,357026.382720
2019,480553.198484
2019,240970.398616
2019,649906.645627
2019,327785.912380
2019,-421789.899757
2019,216739.889100
2019,788724.333058
2019,675826.067700
2019,964186.866189
2019,592605.266400
2019,313934.122169
2019,454115.524405
2019,379577.229459
2019,329225.148000
2019,500202.741528
2019,608463.895880
2019,-91610.475965
2019,250085.038446
2019,434521.629934
2019,653182.693632
2019,688840.309662
2019,183069.135327
2019,244065.576384
2019,434577.195360
2019,831349.489371
2019,514545.506671
2019,172020.139830
2019,521638.956720
2019,-246496.777477
2019,485822.877573
2019,-613299.418560
2019,28948.085085
2019,323581.288320
2019,178224.314740
2019,371078.061551
2019,757140.009396
2019,231177.916022
2019,282753.516308
2019,-379493.934039
2019,222253.203800
2019,324593.846224
2019,618137.012571
2019,157188.869682
2019,581387.224320
2019,587256.510494
2019,156406.310690
2019,930609.751680
2019,302842.796073
2019,416353.419491
2019,126869.035838
2019,757889.728457
2019,339965.826587
2019,-843639.441750
2019,301157.872756
2019,495987.302004
2019,1080596.934370
2019,284470.146503
2019,120355.234073
2019,-565861.486871
2019,176565.853847
2019,431618.520021
2019,132001.383217
2019,255800.834417
2019,200531.726063
2019,735269.497200
2019,632562.506585
2019,284090.349932
2019,632511.344945
2019,640375.189835
2019,919921.862817
2019,-279090.511427
2019,85182.928225
2019,76142.289681
2019,100930.337343
2019,-1460784.175200
2019,1788383.520000
2019,1356806.670546
2019,641885.508679
2019,292644.576000
2019,96914.762182
2019,278593.410438
2019,156547.218969
2019,188223.670473
2019,268905.575429
2019,148640.264840
2019,158784.186212
2019,356811.597710
2019,50592.791105
2019,-109997.922341
2019,616135.472173
2019,122283.626400
2019,961409.393941
2019,136169.312914
2019,264063.335309
2019,126751.681980
2019,517405.205272
2019,345287.901962
2019,185652.227832
2019,160076.583072
2019,330411.544930
2019,556024.694400
2019,259722.061200
2019,394016.657126
2019,166345.337937
2019,72327.182773
2019,-1033842.648662
2019,310488.757463
2019,334324.258036
2019,324355.579895
2019,110368.811520
2019,241431.775200
2019,419238.016180
2019,731901.187105
2019,41064.642116
2019,127221.534237
2019,436198.604497
2019,465304.875840
2019,688536.788926
2019,358237.325793
2019,901877.375127
2019,672479.133922
2019,248275.882219
2019,252963.955525
2019,320736.415961
2019,193860.479305
2019,476838.515012
2019,-183857.135791
2019,686712.546148
2019,122729.236912
2019,485279.881761
2019,1222481.304272
2019,-422871.412320
2019,69819.926400
2019,125818.527898
2019,186999.884064
2019,407042.001164
2019,178083.239613
2019,48593.451200
2019,210815.933411
2019,515921.548800
2019,108586.540042
2019,-27320.315312
2019,-2819142.748800
2019,549982.999928
2019,472353.076192
2019,624225.760841
2019,-803560.998176
2019,308723.948308
2019,69701.463004
2019,115548.676757
2019,492665.723091
2019,242832.733277
2019,-680167.604008
2019,644988.645504
2019,-911533.660800
2019,510319.530283
2019,607473.498890
2019,187246.802925
2019,555748.614611
2019,526760.236800
2019,-486599.438604
2019,-229874.435061
2019,-198553.788273
2019,216611.686161
2019,134529.148370
2019,202699.404847
2019,784765.250743
2019,508277.421474
2019,39072.874708
2019,465535.911032
2019,514509.998735
2019,452352.400660
2019,413780.240656
2019,489024.488842
2019,417018.520800
2019,396540.401546
2019,481585.006136
2019,116616.102738
2019,270780.326069
2019,1124852.589000
2019,146844.867600
2019,191549.177018
2019,392979.859200
2019,139671.274909
2019,-525134.433600
2019,461869.482991
2019,-81431.534191
2019,203789.798002
2019,546713.276073
2019,222162.572485
2019,517869.768668
2019,-305117.951370
2019,583748.917389
2019,210856.337563
2019,-111873.840768
2019,779067.317189
2019,737078.426585
2019,502617.059280
2019,475162.377347
2019,165944.698876
2019,185341.564800
2019,549662.855791
2019,516848.081806
2019,595437.310684
2019,438222.852366
2019,241759.362412
2019,214942.395476
2019,115727.627782
2019,-416271.978514
2019,323255.933322
2019,-238505.329440
2019,484279.572542
2019,165391.386178
2019,217826.953268
2019,589971.465216
2019,345000.519675
2019,1002212.658327
2019,323738.062200
2019,244127.185768
2019,411679.734616
2019,372456.733091
2019,240487.162961
2019,580411.742400
2019,349014.637771
2019,417571.840376
2019,-1056693.728039
2019,138975.041198
2019,-430331.450282
2019,471598.029112
2019,370147.150523
2019,87085.361729
2019,103907.346289
2019,803813.093587
2019,391611.650793
2019,448905.736392
2019,691606.303813
2019,719219.771235
2019,257024.037111
2019,677460.672000
2019,395070.177600
2019,514788.413236
2019,395748.773718
2019,-1649591.267874
2019,529342.394824
2019,349639.982505
2019,238736.364632
2019,588290.634831
2019,380896.639358
2019,593815.017600
2019,1407132.669600
2019,95361.767007
2019,515308.927304
2019,150787.968218
2019,-685244.377309
2019,-582907.161265
2019,169681.361779
2019,294270.379200
2019,315300.930271
2019,349256.605331
2019,1064971.783096
2019,481718.419450
2019,467389.178935
2019,176222.929461
2019,1031294.303271
2019,1324425.738240
2019,261007.324541
2019,719658.351684
2019,226134.445091
2019,-2331401.788800
2019,-805991.936400
2019,320547.896037
2019,-39937.377431
2019,247643.570445
2019,331821.188594
2019,351986.392800
2019,193742.315612
2019,-172210.077415
2019,622140.691200
2019,563490.117257
2019,145520.522038
2019,320750.045180
2019,429633.349284
2019,151668.236160
2019,270108.807556
2019,479836.192717
2019,69539.305188
2019,212515.704000
2019,332736.882912
2019,219483.432000
2019,286645.362192
2019,477897.861893
2019,803523.491298
2019,502577.631119
2019,105459.112449
2019,586885.395142
2019,-299397.912369
2019,90769.419336
2019,282746.303576
2019,-857488.695978
2019,565323.680927
2019,286355.830856
2019,411854.204753
2019,-368515.392000
2019,698064.378849
2019,420641.062882
2019,124919.362069
2019,262177.469458
2019,106724.215849
2019,245737.431043
2019,294767.386396
2019,252136.825426
2019,712882.187136
2019,81180.365498
2019,208335.067200
2019,407793.854817
2019,-205592.075544
2019,166263.555568
2019,971015.858198
2019,148701.923826
2019,774836.923244
2019,2288353.347548
2019,246630.886284
2019,758699.822548
2019,1866171.950031
2019,619132.081192
2019,931502.565641
2019,424806.642581
2019,464329.393920
2019,434375.371514
2019,290245.849967
2019,338086.280348
2019,389052.083497
2019,283072.089869
2019,361531.136306
2019,141022.425600
2019,358760.572800
2019,364022.719934
2019,1211548.544640
2019,683169.422951
2019,298196.031047
2019,421408.189440
2019,297061.852619
2019,758437.192800
2019,231548.603116
2019,162488.162172
2019,280263.459323
2019,643993.303473
2019,422865.022700
2019,910012.075754
2019,128432.707912
2019,288325.098863
2019,454349.463508
2019,249891.032475
2019,247021.104835
2019,300143.593260
2019,186784.197923
2020,323808.110104
2020,426683.017600
2020,489117.324901
2020,305946.602182
2020,594612.342032
2020,-625666.694765
2020,768606.131683
2020,559776.547938
2020,272552.560334
2020,1412165.741208
2020,310604.712433
2020,399185.491950
2020,198408.365055
2020,265353.003182
2020,147874.191055
2020,292411.393071
2020,152930.391329
2020,542478.700926
2020,417356.187618
2020,367155.825899
2020,2031569.451284
2020,175286.083364
2020,685341.959741
2020,335251.267418
2020,434253.125863
2020,1293263.914708
2020,520064.132095
2020,507947.371200
2020,372456.733091
2020,407503.343112
2020,319216.703501
2020,768192.012000
2020,443587.567832
2020,384970.055065
2020,236960.816400
2020,-298661.567282
2020,542885.550171
2020,457883.668084
2020,167919.202124
2020,149595.286547
2020,267810.059229
2020,297189.525435
2020,247395.998896
2020,703224.916128
2020,778520.644094
2020,269306.171064
2020,289748.093848
2020,942851.362817
2020,304306.352337
2020,557975.658240
2020,302770.300873
2020,502273.649829
2020,198736.241910
2020,382255.616974
2020,520587.265275
2020,432056.015412
2020,386106.979853
2020,549536.346086
2020,447154.846955
2020,389157.562697
2020,1121947.661224
2020,492361.663832
2020,475848.098236
2020,553505.237785
2020,259389.510545
2020,-172570.942718
2020,168897.726720
2020,189920.357486
2020,417656.024544
2020,388652.533389
2020,-380437.948800
2020,284113.608655
2020,303067.533501
2020,836002.564872
2020,270778.436333
2020,683690.890680
2020,766844.687962
2020,505715.648908
2020,451239.055897
2020,671767.268279
2020,304776.360638
2020,-508903.957586
2020,416126.311727
2020,588215.597760
2020,633277.314700
2020,525773.794409
2020,408626.507224
2020,267799.247903
2020,153373.964530
2020,193145.420160
2020,-378704.484757
2020,433904.903766
2020,630092.259653
2020,398905.810392
2020,309652.978708
2020,312069.019472
2020,527537.169303
2020,-493496.909217
2020,280379.896157
2020,608810.117921
2020,216720.703485
2020,274294.102587
2020,-140228.866692
2020,444208.259391
2020,321346.255569
2020,632928.966698
2020,166290.976715
2020,564695.644800
2020,-134870.978504
2020,268278.461088
2020,560707.007616
2020,259523.561972
2020,230307.272482
2020,1290367.483776
2020,-1489294.851316
2020,303554.093566
2020,674118.036377
2020,396115.336800
2020,-297603.275760
2020,127560.405776
2020,1248089.570076
2020,537243.027582
2020,-437310.385268
2020,367590.138146
2020,265367.892878
2020,380756.040730
2020,-1267899.639740
2020,374452.037018
2020,443221.168409
2020,236800.473424
2020,278743.958640
2020,219893.681406
2020,124331.655121
2020,457041.970165
2020,369656.306526
2020,767452.180207
2020,513322.475657
2020,181641.460966
2020,351619.142839
2020,745771.661419
2020,420701.128719
2020,203833.309023
2020,-304754.006731
2020,639117.558466
2020,354253.960421
2020,464050.684800
2020,611021.692303
2020,125017.762867
2020,359601.654989
2020,410735.269609
2020,295267.333992
2020,-730750.720659
2020,666811.569600
2020,-284840.720640
2020,605836.537123
2020,450711.796816
2020,82330.674048
2020,75034.911429
2020,-253789.245741
2020,-182628.994755
2020,354253.960421
2020,-483433.637236
2020,889485.487579
2020,562295.649600
2020,687569.880048
2020,762416.132211
2020,465382.569090
2020,380745.995722
2020,572851.757520
2020,125671.965097
2020,153257.795292
2020,494835.373964
2020,415799.168400
2020,240954.637304
2020,222226.974900
2020,277179.618732
2020,190118.062477
2020,338549.607529
2020,-488350.636200
2020,91317.924263
2020,-372456.733091
2020,483273.799806
2020,94652.230050
2020,565700.845703
2020,1163262.189600
2020,618122.445893
2020,272501.507782
2020,291844.375988
2020,514788.413236
2020,-233459.507042
2020,76819.201200
2020,236970.729834
2020,199614.405524
2020,287523.295920
2020,-411374.661120
2020,401442.277239
2020,236475.697703
2020,-425891.255285
2020,159949.728556
2020,-70156.311300
2020,-324835.479360
2020,457061.681295
2020,375117.138327
2020,110178.933992
2020,226329.704191
2020,83599.421870
2020,611879.699769
2020,296431.741101
2020,111241.292243
2020,91678.035313
2020,-120063.369289
2020,56996.744645
2020,402498.847606
2020,886037.731643
2020,700417.457723
2020,-490844.766109
2020,320972.570957
2020,-1275747.448500
2020,336490.279024
2020,172969.053292
2020,463404.194573
2020,103755.804218
2020,-179098.480512
2020,158759.682480
2020,594675.864815
2020,-431705.757979
2020,206523.457920
2020,572532.849969
2020,200024.076173
2020,422892.021093
2020,232025.342400
2020,168786.914660
2020,268983.950706
2020,540120.097878
2020,527422.828293
2020,-559682.751600
2020,310283.427156
2020,1401613.495579
2020,82931.850528
2020,431276.933536
2020,206611.471326
2020,-436799.126400
2020,135680.667055
2020,389217.286080
2020,652296.554916
2020,314771.361015
2020,170422.429553
2020,515586.534807
2020,-1521115.611339
2020,-323671.952733
2020,369852.932221
2020,219301.288073
2020,-688664.898327
2020,694292.544528
2020,525996.816167
2020,-684788.307840
2020,164807.843957
2020,-564005.910109
2020,608399.868516
2020,427893.825989
2020,1065174.461140
2020,-165939.122215
2020,278901.598674
2020,-327140.668478
2020,455189.552452
2020,229681.652073
2020,450830.833297
2020,259062.411541
2020,127667.653673
2020,316758.489062
2020,523152.289973
2020,236865.341380
2020,353533.528103
2020,-386896.311857
2020,507407.934194
2020,1074958.390214
2020,135680.667055
2020,184269.606646
2020,291898.984724
2020,1541053.884255
2020,271417.539854
2020,532424.325368
2020,398817.455707
2020,240587.608154
2020,704188.801410
2020,89639.495125
2020,296919.159694
2020,387924.205395
2020,156281.396607
2020,254600.781120
2020,293810.490645
2020,83782.508053
2020,-477252.695747
2020,294457.418506
2020,85002.254012
2020,175586.745600
2020,-79495.828420
2020,90508.631753
2020,-564278.772185
2020,-121132.628294
2020,-1191322.729641
2020,326244.508800
2020,411199.657719
2020,113228.835948
2020,227092.190976
2020,776911.216833
2020,-110681.139250
2020,208867.893459
2020,558830.875266
2020,260517.291026
2020,351173.491200
2020,30467.765889
2020,-542646.656640
2020,-572967.275116
2020,-974292.307902
2020,50962.982260
2020,69201.835031
2020,-538071.039431
2020,671982.357221
2020,711729.480256
2020,222579.878759
2020,95109.487200
2020,76633.198292
2020,272840.611159
2020,302288.544982
2020,53971.335738
2020,272883.524734
2020,573663.545556
2020,608001.865361
2020,227165.352120
2020,244832.222738
2020,642205.065600
2020,518477.843140
2020,318657.427200
2020,227951.307204
2020,506203.739754
2020,347079.499722
2020,112982.410969
2020,350518.316776
2020,498782.128985
2020,-557033.813628
2020,-345254.836854
2020,320569.463358
2020,281670.404400
2020,164234.154290
2020,580063.356000
2020,388215.877730
2020,260175.980707
2020,1016482.644450
2020,618329.668645
2020,317705.299359
2020,-499813.756040
2020,219228.712350
2020,344621.746961
2020,-796525.327767
2020,279885.272486
2020,746606.451332
2020,309445.817540
2020,130560.365065
2020,374981.863485
2020,255496.631863
2020,624619.091832
2020,628538.394648
2020,301749.073920
2020,289552.482367
2020,663835.391358
2020,302307.368604
2020,146450.640884
2020,1042192.296464
2020,38332.317701
2020,323259.700874
2020,-1424843.263475
2020,558115.012800
2020,219054.474152
2020,456237.691436
2020,133415.256482
2020,483293.910071
2020,-2215251.383442
2020,775865.010029
2020,33808.628035
2020,219594.002998
2020,553952.874393
2020,190318.513371
2020,384741.545506
2020,120805.108507
2020,262015.454574
2020,908112.699900
2020,490261.868333
2020,364906.532755
2020,159125.488200
2020,383189.881739
2020,71995.745246
2020,151643.098473
2020,223725.912540
2020,442134.666111
2020,797533.481331
2020,361346.374080
2020,-1508875.433856
2020,240885.019320
2020,419724.480921
2020,337957.284542
2020,313467.363138
2020,259630.935220
2020,313547.760000
2020,650008.625538
2020,295262.974838
2020,435135.880460
2020,843348.459927
2020,295321.962546
2020,-414436.362776
2020,59733.036894
2020,1077464.120727
2020,409885.309260
2020,447018.918902
2020,389768.645426
2020,356023.953786
2020,316934.075808
2020,605082.125398
2020,316879.204950
2020,402595.323840
2020,191667.709925
2020,-857553.123600
2020,347921.884800
2020,379063.651067
2020,569486.344896
2020,221514.239556
2020,570656.923200
2020,555937.076263
2020,404682.590680
2020,457646.305021
2020,605062.434162
2020,350329.324154
2020,283023.384460
2020,598954.787098
2020,180847.771685
2020,219901.495680
2020,498100.416754
2020,252299.401445
2020,-437239.781256
2020,298283.062111
2020,629080.570567
2020,306711.611413
2020,416730.987920
2020,174644.756621
2020,514630.889242
2020,336726.480486
2020,733952.596608
2020,245879.778307
2020,293028.372165
2020,720829.797726
2020,526760.236800
2020,-2097958.874152
2020,207998.833814
2021,599804.322970
2021,565478.100647
2021,474523.179984
2021,-615883.812218
2021,323893.064624
2021,296033.092143
2021,366565.835782
2021,613442.301084
2021,257919.286599
2021,139932.668437
2021,120061.797902
2021,278803.278486
2021,357743.063314
2021,961106.396968
2021,201650.403150
2021,616275.048282
2021,295189.311443
2021,88833.226623
2021,168412.968056
2021,195366.280183
2021,386111.670171
2021,559119.973569
2021,139481.245964
2021,670851.602023
2021,1218572.014464
2021,-638527.953711
2021,294054.911306
2021,727709.512320
2021,223044.282086
2021,281481.844751
2021,398205.655200
2021,156099.898834
2021,2000042.774100
2021,264649.857263
2021,392838.142698
2021,506134.082949
2021,516895.812890
2021,-1259941.964769
2021,709313.811338
2021,209523.679624
2021,594919.308974
2021,209328.228430
2021,194803.320762
2021,427866.552497
2021,359416.100437
2021,701805.048000
2021,456458.263945
2021,725983.659692
2021,1940695.609263
2021,192188.697508
2021,1766841.627600
2021,538664.422942
2021,644691.633099
2021,226905.577043
2021,209107.851578
2021,258005.013943
2021,587924.340125
2021,331725.592162
2021,510977.158544
2021,324977.081574
2021,395153.158104
2021,209493.151647
2021,92742.059785
2021,233009.736530
2021,631030.958161
2021,229026.189913
2021,-99765.196364
2021,770147.804958
2021,74912.491849
2021,259238.921570
2021,124674.607036
2021,436384.705976
2021,354486.448664
2021,413943.632139
2021,339773.280810
2021,232533.798227
2021,487658.986729
2021,297260.941143
2021,453300.475886
2021,279989.675416
2021,853686.034560
2021,399729.602413
2021,375529.072041
2021,400086.941760
2021,447449.315478
2021,325403.925659
2021,291926.429801
2021,265375.422327
2021,493360.584104
2021,661934.160000
2021,450760.003630
2021,397602.678738
2021,840895.898850
2021,556390.500120
2021,433522.313749
2021,-613398.433642
2021,431414.745910
2021,194134.641262
2021,367381.498486
2021,547056.554168
2021,623558.058092
2021,181160.928000
2021,704297.946240
2021,358788.222514
2021,96024.001500
2021,359404.119900
2021,500780.565257
2021,262988.183700
2021,426953.034038
2021,667229.633280
2021,608282.654400
2021,385205.753690
2021,357926.827569
2021,624530.129236
2021,238428.317709
2021,211453.550341
2021,182190.671873
2021,419659.607741
2021,257893.032600
2021,429212.044800
2021,431095.734025
2021,508992.530400
2021,601929.725929
2021,218455.750379
2021,200067.589938
2021,572282.726400
2021,400191.457680
2021,919520.062484
2021,99586.512430
2021,514488.044903
2021,706907.677091
2021,478872.942545
2021,-127997.814550
2021,448943.383636
2021,322226.435526
2021,1522711.285613
2021,513178.941560
2021,73559.546269
2021,454154.747058
2021,-213574.262677
2021,-56156.121341
2021,-752681.849472
2021,179976.414240
2021,372494.738880
2021,160422.435753
2021,-33745.577670
2021,-81874.718454
2021,-676379.928473
2021,232025.342400
2021,-781262.373681
2021,-1217203.033058
2021,104265.943779
2021,136518.694704
2021,424189.761648
2021,173296.483701
2021,1042192.296465
2021,-389237.750736
2021,560645.398232
2021,-123802.373362
2021,-93103.455832
2021,331620.151210
2021,781154.445278
2021,-253925.447483
2021,159045.965217
2021,444891.570140
2021,556024.694400
2021,-247095.863768
2021,82689.106940
2021,139134.526484
2021,-490238.193715
2021,349289.513243
2021,66890.188800
2021,110984.075049
2021,103010.890752
2021,-266225.274000
2021,256941.937728
2021,203467.073449
2021,935453.523972
2021,-588144.221034
2021,-281213.147250
2021,483185.137846
2021,-57309.562800
2021,135191.021919
2021,-872351.490423
2021,691811.777664
2021,162080.072862
2021,892719.980261
2021,512655.727727
2021,574714.600094
2021,432007.633229
2021,135201.794112
2021,488564.418764
2021,653499.541895
2021,984636.442634
2021,234437.248246
2021,528020.428754
2021,156146.784480
2021,105509.524262
2021,333009.345103
2021,669538.386336
2021,160344.840600
2021,423698.451339
2021,298194.731752
2021,330768.915259
2021,144246.319612
2021,177830.665672
2021,137177.145000
2021,466266.570030
2021,113962.551231
2021,703774.516917
2021,343006.665823
2021,167663.155997
2021,409702.406400
2021,1487805.024384
2021,597134.289600
2021,557487.917280
2021,201205.139630
2021,186862.958620
2021,272886.407175
2021,279384.118650
2021,524099.831564
2021,-52676.023680
2021,144901.683262
2021,244478.429072
2021,81337.977741
2021,1057984.543403
2021,260764.996657
2021,-225959.992289
2021,353028.280766
2021,-850979.622316
2021,276103.795617
2021,415821.338444
2021,343378.752493
2021,1068317.109465
2021,159919.914764
2021,730399.302703
2021,300533.639118
2021,158221.023508
2021,-644483.168509
2021,195786.990669
2021,-388658.302058
2021,-42025.122251
2021,185539.030776
2021,297146.800246
2021,380196.093779
2021,655238.343337
2021,331315.466400
2021,330270.307200
2021,244324.192521
2021,414021.883537
2021,111737.019927
2021,158396.434842
2021,245023.322269
2021,338695.245320
2021,391435.420127
2021,231358.219506
2021,335809.650960
2021,-223962.685714
2021,356730.033782
2021,544835.342965
2021,630979.466446
2021,398670.778404
2021,-351173.491200
2021,566894.350080
2021,319520.098286
2021,-349882.412188
2021,80435.452032
2021,444247.668379
2021,216062.910982
2021,-47786.266208
2021,41457.981600
2021,-49951.401766
2021,382045.886031
2021,72619.209600
2021,148315.382288
2021,261789.658748
2021,-175586.745600
2021,194467.040826
2021,-61167.513836
2021,244637.712971
2021,550666.413431
2021,656541.744417
2021,-579436.260480
2021,245403.380160
2021,97980.999678
2021,14964.779455
2021,973921.148928
2021,623698.752600
2021,509432.597432
2021,-2196460.123200
2021,311326.314615
2021,644918.234779
2021,266063.758617
2021,351787.430870
2021,647329.802112
2021,513210.792931
2021,393161.626017
2021,572297.920822
2021,401516.544134
2021,770262.610415
2021,629739.490301
2021,475170.316701
2021,551342.381184
2021,-26477.366400
2021,-102843.665280
2021,339904.491109
2021,290700.433712
2021,1252781.836584
2021,42469.151883
2021,534424.737600
2021,421559.557324
2021,233412.188262
2021,-312863.655796
2021,196919.714692
2021,82017.493011
2021,213551.447351
2021,244415.441966
2021,525469.157788
2021,655000.420917
2021,-1673561.169000
2021,458801.663040
2021,78908.823755
2021,-72406.905402
2021,320573.311469
2021,859916.431343
2021,474084.213120
2021,578984.751706
2021,518096.417116
2021,435749.305835
2021,302585.555872
2021,-57191.111424
2021,-93108.753874
2021,204582.721938
2021,412821.381486
2021,366066.262071
2021,591483.818207
2021,185941.861366
2021,247106.224905
2021,170099.659800
2021,330738.826841
2021,233930.785182
2021,341495.481600
2021,915245.911440
2021,429212.044800
2021,331625.748038
2021,546406.306238
2021,239968.552320
2021,940009.850182
2021,405906.598092
2021,66166.224866
2021,1560056.879880
2021,582534.850108
2021,391462.230773
2021,486770.585315
2021,270164.151753
2021,-652012.115328
2021,560902.104000
2021,268867.204200
2021,157827.017515
2021,280642.860243
2021,277694.255270
2021,-281413.351732
2021,131058.452201
2021,443448.807957
2021,219579.067482
2021,576572.079523
2021,187658.334360
2021,237588.805218
2021,796232.140251
2021,161780.529716
2021,207885.310844
2021,571662.190827
2022,624195.203220
2022,483679.473939
2022,295173.603200
2022,734597.609143
2022,248016.278160
2022,293538.147224
2022,315057.180289
2022,191194.456320
2022,-597128.970724
2022,-498600.098355
2022,167208.124959
2022,414499.858466
2022,441196.536960
2022,607008.866625
2022,322369.891200
2022,369907.641881
2022,680193.514497
2022,1130339.674800
2022,344635.686843
2022,166961.431781
2022,500544.160200
2022,272561.124706
2022,-955275.508800
2022,73357.549756
2022,878942.847228
2022,84425.340595
2022,181035.989429
2022,251760.407294
2022,220406.185168
2022,389560.876878
2022,24614.964336
2022,874582.835908
2022,191855.166119
2022,268299.574634
2022,534394.443130
2022,170798.016175
2022,539795.060709
2022,557723.460475
2022,137156.439016
2022,292997.159827
2022,-42566.483782
2022,-1043765.654400
2022,563450.004537
2022,741527.495881
2022,255222.327122
2022,822763.029246
2022,135792.553256
2022,72524.960139
2022,1070525.496259
2022,990810.921600
2022,655314.818400
2022,42052.287812
2022,120715.887600
2022,325366.098646
2022,278500.088160
2022,347489.853180
2022,318745.308454
2022,121528.789200
2022,-467239.306088
2022,213342.444783
2022,126092.495162
2022,332302.018542
2022,118714.309132
2022,-53407.635120
2022,885640.779811
2022,324389.072380
2022,406489.601986
2022,652963.210200
2022,999868.968000
2022,191794.752886
2022,443420.151026
2022,-274667.837760
2022,-321909.033600
2022,62079.832649
2022,351173.491200
2022,-539431.445245
2022,-51877.902109
2022,-24244.194999
2022,-292644.576000
2022,288336.610160
2022,466965.831542
2022,120558.363606
2022,161354.977799
2022,419126.553763
2022,-78038.553600
2022,186999.884064
2022,146498.579913
2022,-58322.099245
2022,-319598.681684
2022,223928.666066
2022,418443.737891
2022,-161512.998815
2022,472007.380645
2022,510797.805382
2022,248945.089449
2022,205875.459216
2022,104780.789112
2022,817898.553953
2022,114131.384640
2022,-332765.203355
2022,450878.527646
2022,-338458.588932
2022,-237393.280051
2022,-1423965.680780
2022,-476195.699301
2022,-1175719.357362
2022,341073.368665
2022,-70534.846523
2022,195320.118385
2022,52080.814373
2022,369401.776231
2022,191200.144261
2022,120167.179020
2022,933701.845313
2022,374929.345016
2022,-51723.227386
2022,85698.065573
2022,568615.216856
2022,374219.251560
2022,164752.669808
2022,156129.835952
2022,345958.043311
2022,70417.601100
2022,695667.051861
2022,478636.462080
2022,282239.435520
2022,-4114582.738559
2022,-36965.630653
2022,500062.836884
2022,425703.117030
2022,590423.267368
2022,161071.574630
2022,263380.118400
2022,292768.577939
2022,973491.140571
2022,-65113.418160
2022,191596.125346
2022,226563.542710
2022,317983.313678
2022,-485386.348469
2022,471634.165507
2022,1028606.138076
2022,312273.175610
2022,-164612.574000
2022,370824.914763
2022,241626.008326
2022,957034.687651
2022,61455.360960
2022,348386.400000
2022,-74286.700062
2022,345278.492547
2022,252196.249254
2022,424334.635200
2022,1577354.264640
2022,371196.541137
2022,136130.969108
2022,346530.572446
2022,16576.371088
2022,781604.888400
2022,209602.628050
2022,64952.820527
2022,280570.429158
2022,80964.999360
2022,408543.417980
2022,262260.304971
2022,185144.895058
2022,752204.947200
2022,109741.716000
2022,360868.464883
2022,1471166.089920
2022,567955.588652
2022,364060.591794
2022,713369.928096
2022,17255.670884
2022,453082.661195
2022,84041.519262
2022,499016.010764
2022,1191729.842661
2022,544629.684361
2022,92739.478310
2022,688039.914240
2022,731193.376320
2022,468932.266692
2022,-482050.648800
2022,-60517.761833
2022,319355.758776
2022,145527.058174
2022,-561877.585920
2022,369698.698305
2022,539302.147200
2022,238764.166700
2022,282161.785218
2022,541250.405126
2022,785959.718400
2022,1040576.578892
2022,166447.372406
2022,441475.246080
2022,421408.189440
2022,125553.963252
2022,-42403.601829
2022,144928.742400
2022,356450.688472
2022,547830.646272
2022,-242034.278739
2022,274282.563388
2022,181945.040009
2022,-600635.148059
2022,388160.514000
2022,480773.232000
2022,515647.151635
2022,403692.741000
2022,491589.191428
2022,-574647.531055
2022,355840.248558
2022,471349.665443
2022,144623.904300
2022,315192.600708
2022,237379.773378
2022,99499.155840
2022,106304.023692
2022,209787.376771
2022,235531.682942
2022,195376.235370
2022,-68283.734400
2022,251114.867788
2022,309272.108727
2022,-33255.065455
2022,42723.501017
2022,-145845.668169
2022,276455.727115
2022,325912.190536
2022,139838.545897
2022,146489.513472
2022,380001.165851
2022,301950.428626
2022,112203.212434
2022,-54524.305213
2022,-93745.465871
2022,69182.796077
2022,-381670.136488
2022,208606.376963
2022,43414.305231
2022,696292.267034
2022,348690.902252
2022,807403.097043
2022,171661.865404
2022,-93154.800147
2022,-15677.388000
2022,133768.732372
2022,225157.153371
2022,-31405.759376
2022,92930.219081
2022,263023.234771
2022,214352.650473
2022,348038.013600
2022,1155580.269480
2022,456237.691436
2022,312235.844686
2022,158473.722679
2022,415597.405053
2022,245329.144553
2022,198356.099144
2022,55104.351013
2022,92222.118609
2022,-377186.342400
2022,114276.497653
2022,2057418.606052
2022,270588.958395
2022,460782.186938
2022,432354.810818
2022,476678.793897
2022,355389.557125
2022,597107.490646
2022,487541.882057
2022,67915.628015
2022,471535.373265
2022,828656.157461
2022,555144.560337
2022,473153.684284
2022,603725.760288
2022,-49770.631487
2022,172433.603337
2022,444700.037284
2022,16422.886171
2022,-77519.680238
2022,177670.861275
2022,785084.192369
2022,1611374.196600
2022,280551.061976
2022,965727.100800
2022,346473.631842
2022,340319.037836
2022,455799.427958
2022,574115.450007
2022,473628.143651
2022,418282.561508
2022,543839.493625
2022,285022.205648
2022,570858.284147
2022,429613.401121
2022,306547.954158
2022,249891.648725
2022,355354.128000
2022,-21948.343200
2022,120040.195506
2022,711002.667042
2022,303690.878305
2022,153053.113248
2022,147742.892738
2022,653255.854776
2022,-49780.710322
2022,215819.720925
2022,838914.451200
2022,140469.396480
2022,179817.751518
2022,274460.835355
2022,580658.699848
2023,464322.572368
2023,772307.326350
2023,233619.653044
2023,321513.567957
2023,573068.829046
2023,525388.465350
2023,335668.217722
2023,231625.068664
2023,67087.388649
2023,242761.977818
2023,190867.237701
2023,291642.368548
2023,1245910.056776
2023,367371.144137
2023,526760.236800
2023,939937.797540
2023,433534.105782
2023,263816.901349
2023,565888.450667
2023,829385.737081
2023,547267.696401
2023,-430940.041344
2023,203621.604141
2023,280102.665600
2023,420074.619220
2023,219863.489891
2023,-699034.024936
2023,297326.889216
2023,598825.155190
2023,69946.851116
2023,93034.768191
2023,296921.689034
2023,589001.807069
2023,-385636.693621
2023,498081.068352
2023,-304284.743664
2023,311582.594421
2023,105352.047360
2023,-51735.380400
2023,510086.301656
2023,86764.544213
2023,197385.780343
2023,216969.524849
2023,187908.622484
2023,168363.240243
2023,799546.788000
2023,27748.164460
2023,91804.237547
2023,184483.140710
2023,544966.235768
2023,219100.389361
2023,-57101.380683
2023,594820.236815
2023,256135.034237
2023,35331.479298
2023,532198.764319
2023,533714.167319
2023,670848.596739
2023,716393.922048
2023,1071741.739653
2023,428013.128474
2023,47554.743600
2023,564804.031680
2023,334889.236568
2023,996117.114462
2023,792932.370589
2023,638812.304716
2023,198621.640444
2023,242302.377540
2023,194255.451310
2023,491642.887680
2023,-1132534.509120
2023,412833.022794
2023,-76158.106525
2023,712348.759048
2023,273264.140503
2023,729172.735200
2023,258502.708800
2023,-604088.174432
2023,415292.246616
2023,1715106.247200
2023,379107.746182
2023,859997.447535
2023,336959.326080
2023,395321.015808
2023,322977.079498
2023,102209.968755
2023,80592.654526
2023,260941.413600
2023,456097.278205
2023,361273.613735
2023,312544.407168
2023,78190.972650
2023,262502.184672
2023,554261.775267
2023,354200.848883
2023,83802.764945
2023,959511.640779
2023,263014.312680
2023,199863.521731
2023,80172.420300
2023,164009.597538
2023,964840.299055
2023,631600.866454
2023,-364117.385908
2023,556765.566744
2023,428933.335680
2023,-395427.061229
2023,843310.989431
2023,51465.080607
2023,91236.250165
2023,505305.114796
2023,296608.036862
2023,117617.915713
2023,510609.569162
2023,250128.288543
2023,168270.631200
2023,630789.370323
2023,584624.050691
2023,827208.668160
2023,261129.006277
2023,178908.657003
2023,-34743.760300
2023,467456.104180
2023,95307.220022
2023,32227.946977
2023,291073.329954
2023,361074.999411
2023,-877933.728000
2023,201897.062370
2023,222563.901221
2023,-30488.911893
2023,-415622.961406
2023,386290.840320
2023,296748.079280
2023,281245.048912
2023,196337.906444
2023,92272.626514
2023,831677.004697
2023,312065.534225
2023,115419.472735
2023,559401.362585
2023,-63849.725673
2023,438966.864000
2023,228018.898800
2023,-172054.828303
2023,-722300.021673
2023,-606192.336000
2023,381436.735749
2023,247486.490566
2023,1003511.590359
2023,125311.908185
2023,124914.060628
2023,481865.898436
2023,-1038888.244800
2023,169483.462999
2023,-166364.752659
2023,1141313.846400
2023,385897.735666
2023,182392.433414
2023,839664.821908
2023,-920704.858338
2023,442655.661176
2023,584305.472753
2023,64890.753809
2023,562892.883429
2023,611289.915444
2023,1185645.153457
2023,357319.027296
2023,659538.643597
2023,-919835.110473
2023,-80634.256563
2023,684056.696400
2023,150751.279461
2023,817216.815970
2023,201328.629600
2023,637793.031812
2023,-861211.180800
2023,355225.493022
2023,-42112.268254
2023,712602.491435
2023,785959.718400
2023,479847.747518
2023,285019.330006
2023,37841.971034
2023,383782.458240
2023,-23497.009752
2023,397757.729829
2023,931960.418954
2023,212714.316807
2023,715853.655138
2023,1942204.410514
2023,278176.754265
2023,493031.709397
2023,525464.393659
2023,365325.258756
2023,274931.877979
2023,-94954.765747
2023,376926.213888
2023,560378.084787
2023,1231545.924000
2023,188625.365323
2023,85735.715625
2023,-751618.773257
2023,-1359543.087360
2023,331580.120446
2023,325081.055228
2023,34963.662691
2023,51086.660897
2023,94737.481383
2023,573400.466100
2023,19624.400979
2023,53054.987879
2023,-146790.519322
2023,-86844.255256
2023,1450585.955127
2023,-37282.117216
2023,463295.148029
2023,36965.630653
2023,336084.005250
2023,403051.393309
2023,974617.568932
2023,532017.324992
2023,335680.543059
2023,508113.856736
2023,-104334.153183
2023,307025.966592
2023,604597.660107
2023,176919.833690
2023,1006575.406200
2023,389505.808901
2023,22415.329226
2023,385527.419687
2023,274278.606058
2023,277736.267411
2023,173710.818831
2023,1094040.491815
2023,32608.967040
2023,378701.921654
2023,314375.608871
2023,95494.545853
2023,280171.200630
2023,594915.618316
2023,47915.397127
2023,550703.883927
2023,484797.980648
2023,357757.994160
2023,334907.206392
2023,277928.734464
2023,-104970.337043
2023,274643.083989
2023,348800.697341
2023,216989.302091
2023,280625.245200
2023,189239.964516
2023,959315.225258
2023,661605.088657
2023,279596.728662
2023,82189.540494
2023,2335635.012226
2023,367980.781038
2023,-48067.864746
2023,-778347.215570
2023,95273.525639
2023,19953.039273
2023,568172.205102
2023,357805.364685
2023,99986.896800
2023,-595371.864282
2023,447746.201280
2023,-635456.793600
2023,372154.274027
2023,376447.340945
2023,384447.947363
2023,303652.307758
2023,431848.482422
2023,-64689.853642
2023,554047.366184
2023,275583.058249
2023,70136.605086
2023,779847.339079
2023,296622.269266
2023,-101161.432907
2023,292593.533341
2023,172717.681129
2023,440422.002776
2023,349349.889985
2023,-90671.844039
2023,-16322.148183
2023,-1451942.761798
2023,518674.005095
2023,1185210.532800
2023,590730.282308
2023,1158742.456704
2023,392909.882876
2023,418472.511990
2023,437747.511600
2023,411642.125492
2023,74217.078037
2023,723862.134616
2023,544835.342965
2023,1048483.148931
2023,749993.636985
2023,1008659.024862
2023,449664.375812
2023,372331.894030
2023,295234.351009
2023,137628.337732
2023,246450.266896
2023,447042.197819
2023,-111204.938880
2023,328644.904444
2023,603601.169033
2023,81891.297318
2023,762526.713157
2023,526529.580977
2023,306526.434092
2023,347951.716051
2023,479937.104640
2023,84096.809735
2023,341504.617544
2023,357735.367002
2023,534171.365673
2023,-50021.805433
2023,288191.288974
2023,-173042.010157
2023,341160.397765
2023,332741.733375
2023,772427.657179
2023,67011.903542
2024,138955.011961
2024,471589.538046
2024,42921.204480
2024,426247.682782
2024,-678150.272336
2024,165584.968952
2024,1332393.540141
2024,866548.024965
2024,596994.935040
2024,727008.042175
2024,325099.519579
2024,73000.350277
2024,226754.662263
2024,473965.573427
2024,310631.965544
2024,258759.414568
2024,425731.682171
2024,460736.765385
2024,482245.287211
2024,-121094.307310
2024,-154303.503709
2024,113972.721918
2024,99657.342097
2024,505877.347153
2024,214034.188171
2024,93827.950531
2024,619063.543134
2024,-486799.115388
2024,191582.995729
2024,-50592.791105
2024,155218.683110
2024,48685.415825
2024,289507.426145
2024,-163590.135652
2024,1219471.361210
2024,535568.936412
2024,772713.206292
2024,491030.375777
2024,282053.151380
2024,44518.452496
2024,-86473.171705
2024,328179.988800
2024,390100.741404
2024,-70408.546503
2024,559512.168622
2024,772687.455788
2024,52503.879812
2024,-184222.159318
2024,1138875.141600
2024,131403.152753
2024,-1062016.606452
2024,-621056.822400
2024,390069.289276
2024,161638.265809
2024,1870164.488513
2024,425111.764195
2024,92128.848000
2024,533462.020983
2024,155999.379557
2024,113440.874966
2024,209664.436358
2024,-179349.318720
2024,347989.275606
2024,142766.793151
2024,-59774.211268
2024,499593.985594
2024,361043.752047
2024,489778.781819
2024,1881054.302400
2024,622486.745696
2024,410412.708769
2024,509689.303200
2024,305340.186282
2024,242284.444648
2024,282228.413125
2024,-54119.202411
2024,135723.808761
2024,782025.001412
2024,166807.408320
2024,850759.588800
2024,731611.440000
2024,-207511.608436
2024,-45498.755247
2024,578704.649040
2024,68928.681124
2024,559312.835703
2024,189582.790539
2024,696262.293196
2024,401070.444086
2024,803051.145318
2024,-98122.004894
2024,714235.668300
2024,-177285.972170
2024,543018.268800
2024,272423.212594
2024,375806.164144
2024,342186.768000
2024,99715.929600
2024,59526.567164
2024,106937.742640
2024,155816.482260
2024,-244650.865536
2024,-54686.107636
2024,66484.301732
2024,193486.365297
2024,546269.875200
2024,680580.030466
2024,-84976.473138
2024,524794.713528
2024,312298.196971
2024,119205.680499
2024,-83403.704160
2024,72429.532560
2024,91015.147949
2024,50650.022769
2024,-75251.462400
2024,183862.350413
2024,230362.176021
2024,496223.411478
2024,138512.711338
2024,306969.834965
2024,-56438.596800
2024,564483.951675
2024,1246665.893760
2024,1256452.695974
2024,428638.231906
2024,-73849.719473
2024,-2167588.100855
2024,165694.534580
2024,192033.213011
2024,52025.702400
2024,97826.901120
2024,62379.501726
2024,241967.100644
2024,341340.633446
2024,-235603.684068
2024,853990.080873
2024,472788.901062
2024,363616.646400
2024,219040.031127
2024,882323.396640
2024,207209.003101
2024,-67969.062813
2024,-647405.323293
2024,1642010.425650
2024,343257.695292
2024,153638.402400
2024,365805.720000
2024,631778.891605
2024,164173.607136
2024,91362.209093
2024,713634.701760
2024,584666.503966
2024,81391.772700
2024,293545.020849
2024,479127.662196
2024,-49287.507537
2024,368941.197600
2024,1147817.059200
2024,741462.841568
2024,531106.443374
2024,552465.503611
2024,968559.145084
2024,267325.887964
2024,183381.484307
2024,215044.441240
2024,1241429.096084
2024,473884.682727
2024,131966.138989
2024,187851.996212
2024,54870.858000
2024,-58308.051369
2024,-392844.999948
2024,-32736.511892
2024,133762.434953
2024,2681688.478254
2024,278956.361961
2024,688716.961052
2024,610438.295250
2024,475488.907085
2024,-59209.483981
2024,178243.491407
2024,444287.674473
2024,612580.724818
2024,240170.376166
2024,370404.420480
2024,179813.833920
2024,159794.645005
2024,240170.376166
2024,110334.914465
2024,527180.300785
2024,541392.465600
2024,-339036.158555
2024,959938.526769
2024,758468.062481
2024,394313.338179
2024,-336959.326080
2024,1291816.771200
2024,462859.997104
2024,-133966.183680
2024,548390.488070
2024,-189633.685248
2024,214537.326490
2024,98967.074793
2024,180043.261986
2024,566964.678550
2024,377112.442255
2024,-192423.830795
2024,420676.578000
2024,114708.129425
2024,-104785.638503
2024,224970.517800
2024,-180961.850057
2024,184317.578254
2024,52281.446724
2024,-45710.599061
2024,281455.224565
2024,-303012.555264
2024,921830.414400
2024,630017.215036
2024,71620.909389
2024,114166.085578
2024,-27973.378588
2024,243976.510643
2024,-29880.551444
2024,133853.980361
2024,-113614.953035
2024,-295944.425818
2024,441932.856324
2024,-40356.631045
2024,94064.328000
2024,39151.098681
2024,299365.192716
2024,394523.745819
2024,252299.401445
2024,-1091447.210650
2024,433950.099840
2024,-58282.995388
2024,-268867.204200
2024,-300185.801612
2024,1217135.395636
2024,470498.286625
2024,202832.964745
2024,456525.538560
2024,523217.006508
2024,122277.342878
2024,25521.329302
2024,285328.461600
2024,40885.722351
2024,203493.779519
2024,28717.458393
2024,-362429.051815
2024,286323.453158
2024,-649911.488508
2024,-47511.707633
2024,960026.232436
2024,263915.443844
2024,206694.633600
2024,98328.577536
2024,202064.112000
2024,1537420.953600
2024,193082.372855
2024,-1181698.797888
2024,238296.297600
2024,195761.485309
2024,233743.880032
2024,924965.892000
2024,1133745.452193
2024,298155.415418
2024,730157.305461
2024,779878.792145
2024,205480.546374
2024,499500.194104
2024,723357.362215
2024,603911.988655
2024,227464.647709
2024,828012.006212
2024,277585.412142
2024,183333.219671
2024,383219.741348
2024,474401.538564
2024,266442.677916
2024,-31703.162400
2024,481056.039784
2024,-186109.923847
2024,579930.871031
2024,418220.303281
2024,-205621.320505
2024,631684.023805
2024,98400.798305
2024,255171.794927
2024,433901.861723
2024,451058.166841
2024,-91701.089690
2024,-53414.738144
2024,234722.178056
2024,168854.985385
2024,44561.787709
2024,1230975.163302
2024,40079.583235
2024,196510.473270
2024,253013.373272
2024,338631.580800
2024,497495.779200
2024,96468.016109
2024,30483.810000
2024,-1466611.396143
2024,-489221.001534
2024,-31550.743350
2024,-27790.707937
2024,543668.590080
2024,573908.529600
2024,303752.253337
2024,373392.801600
2024,827403.764544
2024,282561.061805
2024,-353755.649224
2024,104616.055013
2024,281795.313670
2024,464647.918629
2024,55689.826030
2024,44191.295034
2025,232674.061903
2025,126047.246424
2025,433958.517230
2025,-970191.170603
2025,532444.699787
2025,209791.955782
2025,348612.851160
2025,366837.868920
2025,1106015.480017
2025,-780307.497446
2025,407570.558495
2025,296128.440000
2025,-207341.795336
2025,377682.529091
2025,405622.265677
2025,-496927.537305
2025,182317.570848
2025,-202155.792632
2025,-236776.066036
2025,232522.051723
2025,339417.143222
2025,919879.450560
2025,-81072.349045
2025,144359.948278
2025,107919.916762
2025,842614.555034
2025,428105.828190
2025,149077.707709
2025,410186.116443
2025,-908706.662796
2025,300961.842897
2025,-304153.070562
2025,344493.560661
2025,466691.086990
2025,1018487.541185
2025,463720.634526
2025,410259.824640
2025,682795.834131
2025,255854.972160
2025,128150.003845
2025,422927.690123
2025,361502.123294
2025,302341.674376
2025,357315.414400
2025,353718.226643
2025,137961.014400
2025,324983.031247
2025,159971.323560
2025,578128.699609
2025,308463.201730
2025,689286.811240
2025,274698.427785
2025,546691.705219
2025,60625.223051
2025,133028.372810
2025,228370.491210
2025,21509.376336
2025,338088.901985
2025,232090.438821
2025,152347.323388
2025,173391.911280
2025,170585.857276
2025,366456.041280
2025,343472.318147
2025,127846.570529
2025,324357.942186
2025,316912.662790
2025,244567.252800
2025,42015.399840
2025,-218934.723420
2025,80277.364564
2025,175586.745600
2025,340312.455390
2025,378834.416877
2025,453650.076176
2025,90841.753800
2025,449463.897704
2025,472279.115735
2025,1358486.926484
2025,430837.848000
2025,283640.127508
2025,813830.630400
2025,170391.871470
2025,315064.926581
2025,187680.730629
2025,576618.201600
2025,275085.901440
2025,320039.100207
2025,259899.323884
2025,-107084.293281
2025,288915.586943
2025,115993.668305
2025,-60846.892040
2025,-223996.175462
2025,-740118.549767
2025,-99396.021188
2025,200992.153846
2025,765378.121846
2025,237543.782976
2025,673689.042056
2025,241319.219594
2025,250100.448565
2025,267116.006604
2025,179322.633804
2025,185795.277321
2025,755325.741848
2025,128071.335948
2025,22858.643148
2025,-603803.400686
2025,84160.543581
2025,268745.268960
2025,288664.609766
2025,310948.164026
2025,457676.927056
2025,733193.302573
2025,264796.140542
2025,180740.607566
2025,179385.497308
2025,-114996.953104
2025,512128.008000
2025,301978.928855
2025,117175.832245
2025,254249.607629
2025,177222.646957
2025,-363199.980625
2025,58269.937699
2025,316464.483349
2025,713108.750679
2025,545723.605325
2025,186735.110400
2025,-42140.818944
2025,-110414.978061
2025,-583504.733854
2025,-94668.757417
2025,838740.258000
2025,663120.156255
2025,734658.344786
2025,114397.425164
2025,73665.703614
2025,269541.056842
2025,1073937.537042
2025,346131.304249
2025,69221.697785
2025,465118.081430
2025,434786.227200
2025,219275.390832
2025,595043.971200
2025,-60010.659889
2025,1387135.290240
2025,271014.324730
2025,-129379.707284
2025,176638.163238
2025,-672368.757541
2025,672325.685379
2025,210116.356659
2025,508778.461648
2025,348768.193315
2025,482863.550400
2025,179956.551486
2025,-168619.017600
2025,-36965.630653
2025,-329225.148000
2025,1009623.787200
2025,567570.437438
2025,-107200.328893
2025,-65635.997760
2025,355164.099055
2025,223899.075011
2025,283506.662362
2025,448486.627316
2025,351692.978613
2025,170195.924463
2025,-19992.550242
2025,138845.025706
2025,14519.673194
2025,402386.292000
2025,634063.248000
2025,-671500.662227
2025,304474.888647
2025,116827.401600
2025,416087.378967
2025,353888.750153
2025,914054.429952
2025,568674.492201
2025,368269.158114
2025,203423.668683
2025,493729.066836
2025,143661.882764
2025,-89934.674576
2025,-306416.085459
2025,435575.703677
2025,-612737.194990
2025,36120.701952
2025,393698.406150
2025,310007.220700
2025,-140357.557789
2025,183312.562406
2025,712537.284600
2025,639272.132039
2025,1254432.230585
2025,46335.391200
2025,170012.563200
2025,873544.059360
2025,662440.903855
2025,560328.291106
2025,259750.418233
2025,671243.044608
2025,372956.809263
2025,-496486.659972
2025,312651.909257
2025,96303.954857
2025,118029.264677
2025,190466.978278
2025,656936.617159
2025,656582.351898
2025,762597.336282
2025,-505766.169391
2025,120352.504434
2025,292847.098198
2025,288110.645949
2025,151950.068308
2025,279321.546619
2025,334450.944000
2025,-55210.265369
2025,-38471.253249
2025,533691.292547
2025,519235.090560
2025,-64736.527418
2025,262160.766000
2025,59699.493504
2025,168236.602761
2025,818673.201360
2025,-1629194.160960
2025,259188.392378
2025,12671.208445
2025,436306.458764
2025,391234.544808
2025,206052.356310
2025,97923.377354
2025,609569.706341
2025,586233.166761
2025,-3264206.374800
2025,292232.400541
2025,704214.926502
2025,577886.965666
2025,264350.210917
2025,421655.494716
2025,608889.521032
2025,128045.207983
2025,-21480.028622
2025,552512.959488
2025,202178.007554
2025,115336.391718
2025,105692.992497
2025,-62576.127421
2025,1682267.345136
2025,1335859.939454
2025,-1935037.604571
2025,676947.641842
2025,526146.297130
2025,457279.592069
2025,50167.641600
2025,100532.019049
2025,-32021.898894
2025,134191.942881
2025,254724.433758
2025,704523.677593
2025,-128130.868411
2025,-53733.775160
2025,750139.824398
2025,210797.991375
2025,616905.217800
2025,-34188.765369
2025,385275.049230
2025,796583.905497
2025,703247.427249
2025,345509.402632
2025,-508080.795779
2025,228262.769280
2025,-26300.968223
2025,114766.035528
2025,238296.297600
2025,-26671.404395
2025,193840.813212
2025,325477.869893
2025,-42183.644980
2025,166680.171548
2025,-253467.963406
2025,-224459.126932
2025,521529.993314
2025,289112.658703
2025,519651.461674
2025,-163044.835200
2025,-700757.962078
2025,-507385.147630
2025,179221.503073
2025,508403.440669
2025,536206.359190
2025,177126.980211
2025,230615.127594
2025,-465600.808557
2025,137786.821200
2025,313228.897871
2025,615897.385714
2025,675001.505626
2025,276177.986155
2025,50167.641600
2025,119938.190400
2025,162804.568717
2025,1015380.729679
2025,549905.762356
2025,31605.614208
2025,281593.661941
2025,273027.741785
2025,131690.059200
2025,300712.814310
2025,-130946.047566
2025,251052.966740
2025,378765.694080
2025,532221.068601
2025,272072.531549
2025,-252844.913664
2025,331037.396521
2025,223547.940000
2025,125564.940167
2025,173635.781760
2025,-361502.123294
2025,340945.137087
2025,306131.673850
2025,125517.087675
2025,801213.393211
2025,359378.479312
2025,-36082.616570
2025,194360.171230
2025,304453.041347
2025,245515.187888
2025,796411.310400
2025,144017.210860
2025,263969.335667
2025,181609.509961
2025,146322.288000
2025,342566.297788
2025,-315547.194991
2025,228712.991705
2025,541493.377523
2025,144936.988232
2025,210569.027993
2025,-656055.931287
2025,1708323.967961
2025,77464.740706
2025,263997.760219
2025,260477.858142
2025,29861.691429
2025,649107.148069
2025,138124.426913
2025,104031.018553
2025,409618.070787
2025,950894.430510
2025,349626.312909
2025,900451.722856
2025,8271.616570
2025,-279664.373032
2025,1154542.984767
2025,725082.317986
2025,-11207.664613
2025,514509.998735
2025,353184.026455
2025,473077.664897
2025,538071.039431
2025,191190.278667
2025,-97940.345536
2025,289289.064884
2025,-56874.837162
2025,216676.704476
2025,1138919.481687
2025,977753.590225
2025,536166.669600
2025,117777.641655
2025,1936470.965760
2025,-335680.543059
2025,87338.484858
2025,291104.341389
