Artefact,Built from
table_1_series.csv,"time_series_metadata.csv, coverage_census.csv, archive_diagnostics.json"
table_2_folds.csv,coverage_census.csv
table_3_defects.csv,"archive_diagnostics.json, gate_law.json, grid_diagnostics.csv, coverage_census.csv, gaugings.csv"
table_4_parameters.csv,"control_comparison.json, model_error_envelope.json"
table_5_identifiability.csv,"gate_law.json, archive_diagnostics.json"
table_6_h4.csv,gate_law_validation.json
table_7_control.csv,control_comparison.json
table_8_delta.csv,control_comparison.json
fig01_kappa.png,"archive_diagnostics.json, kappa_daily.csv"
fig02_gaugings.png,"gate_law_validation.json, gauging_residual_bins.csv, gauging_residuals.csv"
fig03_storage.png,"archive_diagnostics.json, storage_estimates.csv"
fig04_census.png,coverage_census.csv
fig05_envelope.png,model_error_envelope.json
fig06_control.png,control_comparison.json
fig07_moves.png,"archive_diagnostics.json, gate_step_histogram.csv"
fig08_grid.png,grid_diagnostics.csv
fig09_rating.png,"discharge_coefficient.json, discharge_coefficient_bins.csv"
fig10_structure.png,"drawn by scripts/make_figures.py, no data"
