site,time_utc,parameter_code,value,unit_of_measure,measurement_rated,observing_procedure,observing_procedure_code,control_condition,approval_status,measuring_agency,field_visit_id,qualifier
09428500,1984-09-20T07:00:00+00:00,00060,763,ft^3/s,Good,Unspecified,Z,Clear,Approved,USGS,51b5bfbc-60b5-7a2b-e053-0100007f3cc0,
09428500,1984-12-05T07:00:00+00:00,00060,156,ft^3/s,Poor,Unspecified,Z,Clear,Approved,USGS,51b5bbca-1dd8-76bd-e053-0100007f028f,
09428500,1985-01-09T07:00:00+00:00,00060,20.0,ft^3/s,Poor,Estimated,Z,Clear,Approved,USGS,51b5bce6-8a7e-7707-e053-0100007fdfa1,
09428500,1985-02-25T07:00:00+00:00,00060,680,ft^3/s,Fair,Unspecified,Z,Clear,Approved,USGS,51b5b92d-fb6f-74fa-e053-0100007f40a8,
09428500,1985-04-22T07:00:00+00:00,00060,830,ft^3/s,Fair,Unspecified,Z,Clear,Approved,USGS,51b5c398-79ab-7cd6-e053-0100007f84bf,
09428500,1985-06-03T07:00:00+00:00,00060,1080,ft^3/s,Fair,Unspecified,Z,Clear,Approved,USGS,51b5c9ce-9c60-81d8-e053-0100007f4628,
09428500,1985-07-02T07:00:00+00:00,00060,1280,ft^3/s,Good,Unspecified,Z,Clear,Approved,USGS,51b5ca42-aedc-81dc-e053-0100007f04aa,
09428500,1985-09-09T07:00:00+00:00,00060,1050,ft^3/s,Good,Unspecified,Z,Clear,Approved,USGS,51b5bf04-bedf-781e-e053-0100007fb48b,
09428500,1985-10-01T07:00:00+00:00,00060,340,ft^3/s,Poor,Unspecified,Z,Clear,Approved,USGS,51b5adf6-7ff5-6c34-e053-0100007f6faf,
09428500,1986-02-27T07:00:00+00:00,00060,974,ft^3/s,Good,Unspecified,Z,Clear,Approved,USGS,51b5b8b3-e9f3-7500-e053-0100007f4023,
09428500,1986-06-02T07:00:00+00:00,00060,1130,ft^3/s,Poor,Unspecified,Z,Clear,Approved,USGS,51b5ad70-4beb-6b9b-e053-0100007f885e,
09428500,1987-02-09T07:00:00+00:00,00060,766,ft^3/s,Fair,Unspecified,Z,Clear,Approved,USGS,51b5b92d-fb70-74fa-e053-0100007f40a8,
09428500,1988-03-03T23:35:00+00:00,00060,1010,ft^3/s,Good,Unspecified,Z,Clear,Approved,USGS,51b5b159-2f7c-6e82-e053-0100007fbf0d,
09428500,1988-06-08T17:40:00+00:00,00060,1360,ft^3/s,Good,Unspecified,Z,Clear,Approved,USGS,51b5b5d2-24e0-71ca-e053-0100007f3342,
09428500,1988-07-14T17:00:00+00:00,00060,1510,ft^3/s,Fair,Unspecified,Z,Debris - Light,Approved,USGS,51b5b5ea-a601-7176-e053-0100007f3fcc,
09428500,1988-09-06T18:50:00+00:00,00060,1060,ft^3/s,Fair,Unspecified,Z,Clear,Approved,USGS,51b5c2c2-ea20-781c-e053-0100007f905e,
09428500,1988-10-06T16:45:00+00:00,00060,684,ft^3/s,Fair,Unspecified,Z,Clear,Approved,USGS,51b5c066-e1c9-7a25-e053-0100007fe584,
09428500,1989-02-15T23:25:00+00:00,00060,759,ft^3/s,Fair,Unspecified,Z,Clear,Approved,USGS,51b5b8c4-e28b-71a2-e053-0100007f0ee1,
09428500,1989-07-13T17:00:00+00:00,00060,1520,ft^3/s,Good,Unspecified,Z,Clear,Approved,USGS,51b5b62a-93ce-720e-e053-0100007f1164,
09428500,1989-09-19T20:10:00+00:00,00060,948,ft^3/s,Good,Unspecified,Z,Clear,Approved,USGS,51b5bf30-611c-798f-e053-0100007f9261,
09428500,1989-11-16T14:53:00+00:00,00060,667,ft^3/s,Good,Unspecified,Z,Clear,Approved,USGS,51b5a66a-8093-65f6-e053-0100007f44ce,
09428500,1989-12-13T16:05:00+00:00,00060,490,ft^3/s,Good,Unspecified,Z,Clear,Approved,USGS,51b5a66a-8094-65f6-e053-0100007f44ce,
09428500,1990-03-07T17:55:00+00:00,00060,953,ft^3/s,Good,Unspecified,Z,Clear,Approved,USGS,51b5a66a-8098-65f6-e053-0100007f44ce,
09428500,1990-04-12T20:05:00+00:00,00060,992,ft^3/s,Good,Unspecified,Z,Debris - Moderate,Approved,USGS,51b5b640-35b8-7212-e053-0100007f3f03,
09428500,1990-08-21T17:00:00+00:00,00060,1090,ft^3/s,Good,Unspecified,Z,Clear,Approved,USGS,51b5c8a3-0d51-7eb5-e053-0100007f5cba,
09428500,1991-02-05T18:05:00+00:00,00060,949,ft^3/s,Good,Unspecified,Z,Clear,Approved,USGS,51b5bc9f-bbcc-76b7-e053-0100007f006d,
09428500,1991-03-06T20:00:00+00:00,00060,330,ft^3/s,Good,Unspecified,Z,Clear,Approved,USGS,51b5bc9f-bbce-76b7-e053-0100007f006d,
09428500,1991-05-09T16:40:00+00:00,00060,1070,ft^3/s,Good,Unspecified,Z,Clear,Approved,USGS,51b5bc9f-bbd3-76b7-e053-0100007f006d,
09428500,1991-10-11T17:00:00+00:00,00060,689,ft^3/s,Fair,Unspecified,Z,Clear,Approved,USGS,51b5bfd7-89d1-7a3b-e053-0100007fe195,
09428500,1992-03-03T19:20:00+00:00,00060,501,ft^3/s,Fair,Unspecified,Z,Debris - Moderate,Approved,USGS,51b5bfd7-89da-7a3b-e053-0100007fe195,
09428500,1992-08-26T16:45:00+00:00,00060,603,ft^3/s,Good,Unspecified,Z,Clear,Approved,USGS,51b5bfd7-89de-7a3b-e053-0100007fe195,
09428500,1992-12-08T17:50:00+00:00,00060,396,ft^3/s,Poor,Unspecified,Z,Clear,Approved,USGS,51b5c6b7-f68c-7eb9-e053-0100007f8f7b,
09428500,1993-03-05T18:15:00+00:00,00060,712,ft^3/s,Good,Unspecified,Z,,Approved,USGS,51b5c73e-6fdf-7f88-e053-0100007fb4ff,
09428500,1993-03-19T17:15:00+00:00,00060,1240,ft^3/s,Good,Unspecified,Z,,Approved,USGS,51b5b62a-93da-720e-e053-0100007f1164,
09428500,1993-04-07T19:00:00+00:00,00060,1060,ft^3/s,Good,Unspecified,Z,,Approved,USGS,51b5c398-79b1-7cd6-e053-0100007f84bf,
09428500,1993-05-11T19:15:00+00:00,00060,955,ft^3/s,Good,Unspecified,Z,,Approved,USGS,51b5c05c-e3b5-7a23-e053-0100007f286f,
09428500,1993-06-04T18:00:00+00:00,00060,1200,ft^3/s,Good,Unspecified,Z,,Approved,USGS,51b5c37a-fe63-7cfe-e053-0100007f8bdf,
09428500,1993-07-02T03:00:00+00:00,00060,1110,ft^3/s,Good,Unspecified,Z,,Approved,USGS,51b5b62a-93df-720e-e053-0100007f1164,
09428500,1993-12-09T19:55:00+00:00,00060,477,ft^3/s,Fair,Unspecified,Z,Clear,Approved,USGS,51b5c066-e1d0-7a25-e053-0100007fe584,
09428500,1994-02-08T20:00:00+00:00,00060,183,ft^3/s,Good,Unspecified,Z,Clear,Approved,USGS,51b5c458-48e6-7d66-e053-0100007f3100,
09428500,1994-03-07T17:35:00+00:00,00060,489,ft^3/s,Good,Unspecified,Z,Clear,Approved,USGS,51b5bfa7-274b-7a29-e053-0100007f8715,
09428500,1995-09-08T18:15:00+00:00,00060,1010,ft^3/s,Fair,Unspecified,Z,Clear,Approved,USGS,51b5ae02-d8a5-6c3f-e053-0100007fc6bd,
09428500,1996-02-15T16:00:00+00:00,00060,529,ft^3/s,Good,Unspecified,Z,Clear,Approved,USGS,51b5c107-9f13-7a6e-e053-0100007fc89c,
09428500,1996-05-08T17:00:00+00:00,00060,1340,ft^3/s,Fair,Unspecified,Z,Clear,Approved,USGS,51b5bb1c-a1f5-7495-e053-0100007fa36b,
09428500,1996-09-03T17:05:00+00:00,00060,1260,ft^3/s,Fair,Unspecified,Z,Clear,Approved,USGS,51b5b1a0-3ea7-6ed5-e053-0100007f7b33,
09428500,1996-10-01T18:00:00+00:00,00060,678,ft^3/s,Fair,Unspecified,Z,Debris - Moderate,Approved,USGS,51b5b10e-28c4-6e50-e053-0100007fb9d4,
09428500,1996-11-05T17:40:00+00:00,00060,460,ft^3/s,Poor,Unspecified,Z,Debris - Moderate,Approved,USGS,51b5ca42-aedd-81dc-e053-0100007f04aa,
09428500,1996-12-05T18:00:00+00:00,00060,307,ft^3/s,Fair,Unspecified,Z,,Approved,USGS,51b5c3c9-f7ad-77a6-e053-0100007f36ba,
09428500,1997-02-10T18:55:00+00:00,00060,740,ft^3/s,Fair,Unspecified,Z,Debris - Light,Approved,USGS,51b5c084-d4ae-7a35-e053-0100007f5262,
09428500,1997-04-01T18:15:00+00:00,00060,937,ft^3/s,Fair,Unspecified,Z,Debris - Moderate,Approved,USGS,51b5cb00-a9dd-7f86-e053-0100007f9838,
09428500,1997-05-05T17:47:00+00:00,00060,1240,ft^3/s,Fair,Unspecified,Z,Clear,Approved,USGS,51b5b8c0-1314-716c-e053-0100007f3d40,
09428500,1997-06-03T21:10:00+00:00,00060,1390,ft^3/s,Good,Unspecified,Z,,Approved,USGS,51b5b8c4-e28c-71a2-e053-0100007f0ee1,
09428500,1997-07-07T16:30:00+00:00,00060,1490,ft^3/s,Fair,Unspecified,Z,Debris - Moderate,Approved,USGS,51b5c76e-e280-7f1e-e053-0100007f5824,
09428500,1998-01-06T17:50:00+00:00,00060,594,ft^3/s,Poor,Unspecified,Z,Debris - Light,Approved,USGS,51b5c2c2-ea21-781c-e053-0100007f905e,
09428500,1998-03-02T18:06:00+00:00,00060,545,ft^3/s,Fair,Unspecified,Z,Clear,Approved,USGS,51b5ce5c-c963-84e4-e053-0100007fc2a2,
09428500,1998-06-01T18:05:00+00:00,00060,1150,ft^3/s,Fair,Unspecified,Z,Debris - Moderate,Approved,USGS,51b5bfef-d792-7a70-e053-0100007fec0d,
09428500,1998-12-01T18:30:00+00:00,00060,462,ft^3/s,Fair,Unspecified,Z,,Approved,USGS,51b5c182-8343-7b12-e053-0100007f9b1e,
09428500,1999-04-05T18:15:00+00:00,00060,600,ft^3/s,Poor,Unspecified,Z,Debris - Moderate,Approved,USGS,51b5c800-f90f-7ec5-e053-0100007fd97d,
09428500,2000-07-14T17:26:00+00:00,00060,1470,ft^3/s,Good,Unspecified,Z,,Approved,USGS,51b5cded-4335-8453-e053-0100007f7873,
09428500,2000-08-01T20:40:00+00:00,00060,1260,ft^3/s,Good,Unspecified,Z,Clear,Approved,USGS,51b5b474-b5c4-6b5c-e053-0100007f6ba9,
09428500,2000-11-01T18:12:00+00:00,00060,538,ft^3/s,Fair,Unspecified,Z,Clear,Approved,USGS,51b5ce7e-9325-8495-e053-0100007f7c6b,
09428500,2001-02-01T20:05:00+00:00,00060,394,ft^3/s,Good,Unspecified,Z,Debris - Light,Approved,USGS,51b5c76e-e286-7f1e-e053-0100007f5824,
09428500,2001-11-05T18:25:00+00:00,00060,474,ft^3/s,Poor,Unspecified,Z,Debris - Heavy,Approved,USGS,51b5c800-f911-7ec5-e053-0100007fd97d,
09428500,2002-03-08T18:30:00+00:00,00060,557,ft^3/s,Good,Unspecified,Z,Clear,Approved,USGS,51b5bfbc-60cf-7a2b-e053-0100007f3cc0,
09428500,2002-05-02T16:50:00+00:00,00060,817,ft^3/s,Fair,Unspecified,Z,Debris - Moderate,Approved,USGS,51b5bfbc-60d1-7a2b-e053-0100007f3cc0,
09428500,2002-08-06T16:43:00+00:00,00060,745,ft^3/s,Poor,Unspecified,Z,,Approved,USGS,51b5b5d2-24ec-71ca-e053-0100007f3342,
09428500,2003-01-24T16:35:00+00:00,00060,582,ft^3/s,Fair,Unspecified,Z,Debris - Heavy,Approved,USGS,51b5c2df-8e80-79bd-e053-0100007ff798,
09428500,2003-05-08T18:10:00+00:00,00060,1320,ft^3/s,Fair,Unspecified,Z,Clear,Approved,USGS,51b5bfbc-60da-7a2b-e053-0100007f3cc0,
09428500,2003-06-17T19:50:00+00:00,00060,1410,ft^3/s,Fair,Unspecified,Z,Debris - Light,Approved,USGS,51b5c37a-fe72-7cfe-e053-0100007f8bdf,
09428500,2004-02-11T19:30:00+00:00,00060,555,ft^3/s,Fair,Unspecified,Z,Debris - Light,Approved,USGS,51b5bfbc-60e1-7a2b-e053-0100007f3cc0,
09428500,2004-03-08T17:29:00+00:00,00060,707,ft^3/s,Fair,Acoustic Doppler Current Profiler,Z,Clear,Approved,USGS,51b5bfbc-60e2-7a2b-e053-0100007f3cc0,
09428500,2004-04-14T17:11:00+00:00,00060,1010,ft^3/s,Good,Acoustic Doppler Current Profiler,Z,Vegetation - Light,Approved,USGS,51b5bfbc-60e5-7a2b-e053-0100007f3cc0,
09428500,2004-05-06T20:02:00+00:00,00060,1390,ft^3/s,Fair,Acoustic Doppler Current Profiler,Z,Vegetation - Light,Approved,USGS,51b5bfbc-60e6-7a2b-e053-0100007f3cc0,
09428500,2004-06-08T17:23:00+00:00,00060,1340,ft^3/s,Fair,Acoustic Doppler Current Profiler,Z,Clear,Approved,USGS,51b5bf4e-6076-798b-e053-0100007f088a,
09428500,2004-07-15T17:41:00+00:00,00060,1230,ft^3/s,Fair,Acoustic Doppler Current Profiler,Z,Vegetation - Light,Approved,USGS,51b5c03c-443e-7a74-e053-0100007f0d3c,
09428500,2004-10-13T20:45:00+00:00,00060,678,ft^3/s,Fair,Acoustic Doppler Current Profiler,Z,Clear,Approved,USGS,51b5cd4e-fbb9-8455-e053-0100007f29b9,
09428500,2004-12-17T21:30:00+00:00,00060,200,ft^3/s,Fair,Acoustic Doppler Current Profiler,Z,Debris - Moderate,Approved,USGS,51b5cd3b-e48b-832f-e053-0100007fbb73,
09428500,2005-05-09T17:43:00+00:00,00060,1180,ft^3/s,Good,Acoustic Doppler Current Profiler,Z,Clear,Approved,USGS,51b5ae02-d8b0-6c3f-e053-0100007fc6bd,
09428500,2005-08-09T17:30:00+00:00,00060,1280,ft^3/s,Fair,Acoustic Doppler Current Profiler,Z,Debris - Moderate,Approved,USGS,51b5bf30-6133-798f-e053-0100007f9261,
09428500,2005-10-20T18:07:00+00:00,00060,489,ft^3/s,Fair,Acoustic Doppler Current Profiler,Z,Clear,Approved,USGS,51b5c458-48ee-7d66-e053-0100007f3100,
09428500,2005-12-05T19:00:00+00:00,00060,417,ft^3/s,Fair,Acoustic Doppler Current Profiler,Z,Clear,Approved,USGS,51b5ca78-8089-7f8e-e053-0100007fc300,
09428500,2006-02-16T19:30:00+00:00,00060,646,ft^3/s,Fair,Acoustic Doppler Current Profiler,Z,Clear,Approved,USGS,51b5d122-b0cd-868b-e053-0100007f06f0,
09428500,2006-03-06T16:36:00+00:00,00060,742,ft^3/s,Good,Acoustic Doppler Current Profiler,Z,Clear,Approved,USGS,51b5d156-a406-86d1-e053-0100007fd2dc,
09428500,2006-04-03T16:21:00+00:00,00060,758,ft^3/s,Fair,Acoustic Doppler Current Profiler,Z,Clear,Approved,USGS,51b5c002-4784-7a72-e053-0100007f1bce,
09428500,2006-06-08T16:44:00+00:00,00060,1330,ft^3/s,Good,Acoustic Doppler Current Profiler,Z,Clear,Approved,USGS,51b5ce35-a2b9-84ae-e053-0100007f64ce,
09428500,2006-07-05T17:21:00+00:00,00060,1300,ft^3/s,Good,Acoustic Doppler Current Profiler,Z,Clear,Approved,USGS,51b5bfd7-89e8-7a3b-e053-0100007fe195,
09428500,2006-09-12T18:21:00+00:00,00060,691,ft^3/s,Fair,Acoustic Doppler Current Profiler,Z,,Approved,USGS,51b5ce8a-970e-8457-e053-0100007fbab0,
09428500,2006-10-31T18:12:00+00:00,00060,483,ft^3/s,Fair,Acoustic Doppler Current Profiler,Z,Clear,Approved,USGS,51b5b8c4-e291-71a2-e053-0100007f0ee1,
09428500,2006-10-31T18:59:00+00:00,00060,641,ft^3/s,Fair,Acoustic Doppler Current Profiler,Z,Clear,Approved,USGS,51b5b8c4-e291-71a2-e053-0100007f0ee1,
09428500,2006-10-31T19:34:00+00:00,00060,337,ft^3/s,Fair,Acoustic Doppler Current Profiler,Z,Clear,Approved,USGS,51b5b8c4-e291-71a2-e053-0100007f0ee1,
09428500,2007-01-24T21:21:00+00:00,00060,776,ft^3/s,Good,Acoustic Doppler Current Profiler,Z,Clear,Approved,USGS,51b5cd40-131f-8331-e053-0100007fc8bd,
09428500,2007-03-13T23:33:00+00:00,00060,515,ft^3/s,Good,Acoustic Doppler Current Profiler,Z,Clear,Approved,USGS,51b5ce11-6223-845b-e053-0100007fde20,
09428500,2007-05-08T22:36:00+00:00,00060,1230,ft^3/s,Fair,Acoustic Doppler Current Profiler,Z,Clear,Approved,USGS,51b5cd4e-fbbd-8455-e053-0100007f29b9,
09428500,2007-06-12T22:15:00+00:00,00060,1270,ft^3/s,Fair,Acoustic Doppler Current Profiler,Z,Clear,Approved,USGS,51b5cd95-62b5-8451-e053-0100007fcb47,
09428500,2007-08-08T20:29:00+00:00,00060,1220,ft^3/s,Fair,Acoustic Doppler Current Profiler,Z,Clear,Approved,USGS,51b5b716-23c3-7310-e053-0100007f8ca9,
09428500,2007-10-02T21:58:00+00:00,00060,943,ft^3/s,Good,Acoustic Doppler Current Profiler,Z,Clear,Approved,USGS,51b5cd68-5dcf-8459-e053-0100007f0954,
09428500,2007-11-06T19:09:00+00:00,00060,558,ft^3/s,Fair,Acoustic Doppler Current Profiler,Z,Clear,Approved,USGS,51b5b716-23c4-7310-e053-0100007f8ca9,
09428500,2007-12-04T21:29:00+00:00,00060,235,ft^3/s,Poor,Acoustic Doppler Current Profiler,Z,Debris - Light,Approved,USGS,51b5b522-4b62-71a6-e053-0100007f3c64,
09428500,2008-02-06T22:40:00+00:00,00060,669,ft^3/s,Good,Acoustic Doppler Current Profiler,Z,Clear,Approved,USGS,51b5d1d9-91cb-86d3-e053-0100007f3bd9,
09428500,2008-03-13T20:46:00+00:00,00060,1090,ft^3/s,Good,Acoustic Doppler Current Profiler,Z,Clear,Approved,USGS,51b5c9ce-9c65-81d8-e053-0100007f4628,
09428500,2008-05-07T19:36:00+00:00,00060,1250,ft^3/s,Fair,Acoustic Doppler Current Profiler,Z,Clear,Approved,USGS,51b5b55b-ebfc-7100-e053-0100007fc43d,
09428500,2008-08-06T18:52:00+00:00,00060,1460,ft^3/s,Fair,Acoustic Doppler Current Profiler,Z,Clear,Approved,USGS,51b5c73e-6fe8-7f88-e053-0100007fb4ff,
09428500,2008-09-04T17:48:00+00:00,00060,991,ft^3/s,Good,Acoustic Doppler Current Profiler,Z,Clear,Approved,USGS,51b5cd80-2223-82a7-e053-0100007fcf2f,
09428500,2008-10-01T17:00:00+00:00,00060,927,ft^3/s,Fair,Acoustic Doppler Current Profiler,Z,Vegetation - Light,Approved,USGS,51b5b243-8f01-6f0d-e053-0100007ff24a,
09428500,2009-02-04T21:46:00+00:00,00060,728,ft^3/s,Fair,Acoustic Doppler Current Profiler,Z,Unspecifed,Approved,USGS,51b5ce8c-ea1b-8493-e053-0100007f688c,
09428500,2009-05-06T18:31:30+00:00,00060,1300,ft^3/s,Fair,Acoustic Doppler Current Profiler,Z,Clear,Approved,USGS,51b5c03c-4441-7a74-e053-0100007f0d3c,
09428500,2009-06-03T21:26:00+00:00,00060,1340,ft^3/s,Good,Acoustic Doppler Current Profiler,Z,Clear,Approved,USGS,51b5cd7d-f4fc-82a9-e053-0100007ff064,
09428500,2009-07-09T18:30:30+00:00,00060,1300,ft^3/s,Good,Acoustic Doppler Current Profiler,Z,Clear,Approved,USGS,51b5cd95-62ba-8451-e053-0100007fcb47,
09428500,2009-09-03T20:34:30+00:00,00060,907,ft^3/s,Fair,Acoustic Doppler Current Profiler,Z,Clear,Approved,USGS,51b5cb00-a9eb-7f86-e053-0100007f9838,
09428500,2009-10-07T19:22:30+00:00,00060,778,ft^3/s,Good,Acoustic Doppler Current Profiler,Z,Clear,Approved,USGS,51b5d10b-21ca-84f4-e053-0100007f0af0,
09428500,2009-11-04T19:48:00+00:00,00060,720,ft^3/s,Good,Acoustic Doppler Current Profiler,Z,Clear,Approved,USGS,51b5c03c-4443-7a74-e053-0100007f0d3c,
09428500,2010-02-10T18:58:00+00:00,00060,263,ft^3/s,Fair,Acoustic Doppler Current Profiler,Z,,Approved,USGS,51b5c03c-4444-7a74-e053-0100007f0d3c,
09428500,2010-04-15T20:58:00+00:00,00060,1200,ft^3/s,Good,Acoustic Doppler Current Profiler,Z,Clear,Approved,USGS,51b5c03c-4446-7a74-e053-0100007f0d3c,
09428500,2010-05-06T18:49:30+00:00,00060,1280,ft^3/s,Good,Acoustic Doppler Current Profiler,Z,Clear,Approved,USGS,51b5cd3b-e495-832f-e053-0100007fbb73,
09428500,2010-07-07T21:01:30+00:00,00060,1470,ft^3/s,Good,Acoustic Doppler Current Profiler,Z,Clear,Approved,USGS,51b5cde2-8575-81ff-e053-0100007ff18c,
09428500,2010-08-11T16:28:00+00:00,00060,1350,ft^3/s,Fair,Acoustic Doppler Current Profiler,Z,Clear,Approved,USGS,51b5c354-9d47-7cd8-e053-0100007ff64b,
09428500,2010-10-06T20:52:00+00:00,00060,773,ft^3/s,Good,Acoustic Doppler Current Profiler,Z,Clear,Approved,USGS,51b5d07e-0380-81fb-e053-0100007fdb56,
09428500,2010-12-08T15:30:30+00:00,00060,679,ft^3/s,Good,Acoustic Doppler Current Profiler,Z,Clear,Approved,USGS,51b5d234-5357-879a-e053-0100007f0e75,
09428500,2011-02-02T20:53:00+00:00,00060,917,ft^3/s,Fair,Acoustic Doppler Current Profiler,Z,Clear,Approved,USGS,51b5c002-478d-7a72-e053-0100007f1bce,
09428500,2011-03-02T23:58:00+00:00,00060,278,ft^3/s,Good,Acoustic Doppler Current Profiler,Z,Clear,Approved,USGS,51b5c107-9f1a-7a6e-e053-0100007fc89c,
09428500,2011-04-06T22:30:00+00:00,00060,1180,ft^3/s,Good,Acoustic Doppler Current Profiler,Z,Clear,Approved,USGS,51b5b10e-28e5-6e50-e053-0100007fb9d4,
09428500,2011-06-08T15:53:00+00:00,00060,1330,ft^3/s,Good,Acoustic Doppler Current Profiler,Z,Clear,Approved,USGS,51b5c36a-db44-7d00-e053-0100007fadf5,
09428500,2011-08-04T17:45:30+00:00,00060,1390,ft^3/s,Good,Acoustic Doppler Current Profiler,Z,Clear,Approved,USGS,51b5d1c6-914f-86d5-e053-0100007fbf25,
09428500,2011-10-05T15:59:00+00:00,00060,1000,ft^3/s,Good,Acoustic Doppler Current Profiler,Z,Clear,Approved,USGS,51b5d156-a40a-86d1-e053-0100007fd2dc,
09428500,2011-11-03T16:12:36+00:00,00060,638,ft^3/s,Good,Acoustic Doppler Current Profiler,Z,Clear,Approved,USGS,51b5c37a-fe7b-7cfe-e053-0100007f8bdf,
09428500,2011-12-05T18:22:06+00:00,00060,388,ft^3/s,Good,Acoustic Doppler Current Profiler,Z,Clear,Approved,USGS,51b5d13d-7d28-86e1-e053-0100007f7f18,
09428500,2012-02-02T17:23:49+00:00,00060,809,ft^3/s,Fair,Acoustic Doppler Current Profiler,Z,Clear,Approved,USGS,51b5d19a-8f6e-86cd-e053-0100007f3234,
09428500,2012-03-07T17:23:13+00:00,00060,597,ft^3/s,Good,Acoustic Doppler Current Profiler,Z,Clear,Approved,USGS,51b5d594-f83a-8a4e-e053-0100007fea10,
09428500,2012-04-03T20:53:02+00:00,00060,1270,ft^3/s,Good,Acoustic Doppler Current Profiler,Z,Clear,Approved,USGS,51b5ce73-cf2e-81fd-e053-0100007f457f,
09428500,2012-06-06T21:23:05+00:00,00060,1320,ft^3/s,Good,Acoustic Doppler Current Profiler,Z,Clear,Approved,USGS,51b5ce73-cf30-81fd-e053-0100007f457f,
09428500,2012-08-02T22:15:42+00:00,00060,749,ft^3/s,Good,Acoustic Doppler Current Profiler,Z,Clear,Approved,USGS,51b5ce73-cf32-81fd-e053-0100007f457f,
09428500,2012-09-06T17:38:36+00:00,00060,1250,ft^3/s,Good,Acoustic Doppler Current Profiler,Z,Clear,Approved,USGS,51b5ce73-cf34-81fd-e053-0100007f457f,
09428500,2012-10-02T17:22:07+00:00,00060,959,ft^3/s,Fair,Acoustic Doppler Current Profiler,Z,Clear,Approved,USGS,51b5cd80-222e-82a7-e053-0100007fcf2f,
09428500,2012-12-06T00:16:14+00:00,00060,488,ft^3/s,Good,Acoustic Doppler Current Profiler,Z,Unspecifed,Approved,USGS,51b5cd7d-f505-82a9-e053-0100007ff064,
09428500,2013-02-07T17:42:18+00:00,00060,618,ft^3/s,Fair,Acoustic Doppler Current Profiler,Z,Unspecifed,Approved,USGS,51b5ce5c-c97a-84e4-e053-0100007fc2a2,
09428500,2013-04-03T15:55:26+00:00,00060,1110,ft^3/s,Fair,Acoustic Doppler Current Profiler,Z,Debris - Moderate,Approved,USGS,51b5ce5c-c97b-84e4-e053-0100007fc2a2,
09428500,2013-06-04T20:33:09+00:00,00060,1300,ft^3/s,Fair,Acoustic Doppler Current Profiler,Z,Debris - Light,Approved,USGS,51b5d1c6-2b41-8699-e053-0100007f1ac4,
09428500,2013-08-06T21:39:43+00:00,00060,1380,ft^3/s,Fair,Acoustic Doppler Current Profiler,Z,,Approved,USGS,51b5d1c6-2b43-8699-e053-0100007f1ac4,
09428500,2013-11-05T17:26:29+00:00,00060,597,ft^3/s,Good,Acoustic Doppler Current Profiler,Z,,Approved,USGS,51b5d17a-75e6-86d7-e053-0100007f8f00,
09428500,2014-02-04T22:21:07+00:00,00060,560,ft^3/s,Good,Acoustic Doppler Current Profiler,Z,,Approved,USGS,51b5d448-f5f7-86a4-e053-0100007f73c7,
09428500,2014-04-01T15:45:01+00:00,00060,987,ft^3/s,Good,Acoustic Doppler Current Profiler,Z,,Approved,USGS,51b5d1bd-0a4d-8796-e053-0100007f456f,
09428500,2014-06-02T18:23:22+00:00,00060,1140,ft^3/s,Fair,Acoustic Doppler Current Profiler,Z,,Approved,USGS,51b5c3c2-a872-7d4e-e053-0100007f2b61,
09428500,2014-08-04T19:14:29+00:00,00060,777,ft^3/s,Good,Acoustic Doppler Current Profiler,Z,,Approved,USGS,51b5c6d2-ef5f-7ebd-e053-0100007ffa52,
09428500,2014-10-01T21:07:57+00:00,00060,1030,ft^3/s,Fair,Acoustic Doppler Current Profiler,Z,,Approved,USGS,51b5cd99-1e0f-8335-e053-0100007f08be,
09428500,2015-02-02T17:25:14+00:00,00060,391,ft^3/s,Good,Acoustic Doppler Current Profiler,Z,Clear,Approved,USGS,51b5d85a-8b3f-8c0b-e053-0100007f76ef,
09428500,2015-02-02T18:00:00+00:00,00060,394,ft^3/s,Good,Acoustic Doppler Current Profiler,Z,Clear,Approved,USGS,51b5d85a-8b3f-8c0b-e053-0100007f76ef,
09428500,2015-04-01T21:44:28+00:00,00060,1220,ft^3/s,Good,Acoustic Doppler Current Profiler,Z,Clear,Approved,USGS,51b5cac5-ab09-8258-e053-0100007f5f1e,
09428500,2015-06-02T16:58:06+00:00,00060,1280,ft^3/s,Good,Acoustic Doppler Current Profiler,Z,Clear,Approved,USGS,51b5cac5-ab0b-8258-e053-0100007f5f1e,
09428500,2015-08-03T16:59:20+00:00,00060,1150,ft^3/s,Fair,Acoustic Doppler Current Profiler,Z,Clear,Approved,USGS,51b5cd6b-7a7a-8315-e053-0100007fea6e,
09428500,2015-10-07T15:39:42+00:00,00060,532,ft^3/s,Good,Acoustic Doppler Current Profiler,Z,,Approved,USGS,51b5cd6b-7a7b-8315-e053-0100007fea6e,
09428500,2015-12-03T15:55:25+00:00,00060,499,ft^3/s,Fair,Acoustic Doppler Current Profiler,Z,Clear,Approved,USGS,51b5bf30-613a-798f-e053-0100007f9261,
09428500,2016-02-04T16:46:27+00:00,00060,861,ft^3/s,Good,Acoustic Doppler Current Profiler,Z,Clear,Approved,USGS,51b5bf30-613c-798f-e053-0100007f9261,
09428500,2016-04-05T18:57:59+00:00,00060,948,ft^3/s,Good,Acoustic Doppler Current Profiler,Z,Clear,Approved,USGS,51b5bf9c-0d9d-7a0f-e053-0100007f6f86,
09428500,2016-06-01T22:06:17+00:00,00060,1170,ft^3/s,Good,Acoustic Doppler Current Profiler,Z,Clear,Approved,USGS,51b5bfd7-89fb-7a3b-e053-0100007fe195,
09428500,2016-08-01T19:47:33+00:00,00060,977,ft^3/s,Fair,Acoustic Doppler Current Profiler,Z,Clear,Approved,USGS,51b5cd99-1e16-8335-e053-0100007f08be,
09428500,2016-10-04T20:39:30+00:00,00060,612,ft^3/s,Fair,Acoustic Doppler Current Profiler,Z,Clear,Approved,USGS,51b5bf30-6144-798f-e053-0100007f9261,
09428500,2016-12-07T00:18:21+00:00,00060,478,ft^3/s,Fair,Acoustic Doppler Current Profiler,Z,Clear,Approved,USGS,51b5bfef-d7ad-7a70-e053-0100007fec0d,
09428500,2017-02-08T15:03:59+00:00,00060,581,ft^3/s,Fair,Acoustic Doppler Current Profiler,Z,Clear,Approved,USGS,51b5d5d5-d13e-89ea-e053-0100007f5ff9,
09428500,2017-04-05T17:29:55+00:00,00060,1120,ft^3/s,Good,Acoustic Doppler Current Profiler,Z,Clear,Approved,USGS,51b5c03c-4465-7a74-e053-0100007f0d3c,
09428500,2017-07-11T15:10:11+00:00,00060,1160,ft^3/s,Fair,Acoustic Doppler Current Profiler,Z,Clear,Approved,USGS,5437f28e-f04f-0b07-e053-0100007f3481,
09428500,2017-10-03T21:37:59+00:00,00060,841,ft^3/s,Fair,Acoustic Doppler Current Profiler,Z,Debris - Light,Approved,USGS,5ad48af3-7c24-c331-e053-0100007fa9f9,
09428500,2017-12-05T15:53:46+00:00,00060,631,ft^3/s,Fair,Acoustic Doppler Current Profiler,Z,Clear,Approved,USGS,5fc24c7b-4968-42b5-e053-0100007f21aa,
09428500,2018-02-05T18:10:23+00:00,00060,528,ft^3/s,Poor,Acoustic Doppler Current Profiler,Z,Clear,Approved,USGS,64a47dd1-3181-7e3b-e053-0100007f47cc,
09428500,2018-02-13T17:13:12+00:00,00060,678,ft^3/s,Poor,Acoustic Doppler Current Profiler,Z,Clear,Approved,USGS,65315d64-66e7-5cd5-e053-0100007f5694,
09428500,2018-03-05T17:32:20+00:00,00060,750,ft^3/s,Fair,Acoustic Doppler Current Profiler,Z,Clear,Approved,USGS,66d85f89-7ec4-0d45-e053-0100007f4daa,
09428500,2018-04-02T16:49:23+00:00,00060,842,ft^3/s,Fair,Acoustic Doppler Current Profiler,Z,Vegetation - Light,Approved,USGS,69075516-aeef-73f8-e053-0100007f62c4,
09428500,2018-05-01T18:21:13+00:00,00060,1340,ft^3/s,Fair,Acoustic Doppler Current Profiler,Z,Clear,Approved,USGS,6b4f86d4-2c35-5aa2-e053-0100007f509f,
09428500,2018-07-10T18:27:37+00:00,00060,1440,ft^3/s,Fair,Acoustic Doppler Current Profiler,Z,,Approved,USGS,70d1aa96-ea60-5262-e053-0100007fb3f0,
09428500,2018-10-09T17:35:16+00:00,00060,694,ft^3/s,Good,Acoustic Doppler Current Profiler,Z,Vegetation - Light,Approved,USGS,780d56f2-9c8c-aa55-e053-0100007f8ddd,
09428500,2018-11-06T17:52:45+00:00,00060,594,ft^3/s,Fair,Acoustic Doppler Current Profiler,Z,Debris - Light,Approved,USGS,7a40c114-409e-ca8c-e053-0100007f0d92,
09428500,2018-12-04T21:18:47+00:00,00060,533,ft^3/s,Poor,Acoustic Doppler Current Profiler,Z,Debris - Light,Approved,USGS,7c636ef5-e3bf-f677-e053-0100007f3ba4,
09428500,2019-03-04T17:51:35+00:00,00060,747,ft^3/s,Fair,Acoustic Doppler Current Profiler,Z,Debris - Light,Approved,USGS,83713418-9f26-4b20-e053-0100007f7e05,
09428500,2019-05-01T18:18:43+00:00,00060,1110,ft^3/s,Fair,Acoustic Doppler Current Profiler,Z,Debris - Light,Approved,USGS,8802ad23-3160-8e78-e053-0100007f6806,
09428500,2019-06-03T18:21:22+00:00,00060,1100,ft^3/s,Fair,Acoustic Doppler Current Profiler,Z,Clear,Approved,USGS,8aaff2c1-b055-3cb2-e053-0100007fda05,
09428500,2019-07-01T18:19:10+00:00,00060,1420,ft^3/s,Fair,Acoustic Doppler Current Profiler,Z,,Approved,USGS,8cccbade-d224-2b7d-e053-0100007f4d45,
09428500,2019-08-06T20:25:56+00:00,00060,1240,ft^3/s,Fair,Acoustic Doppler Current Profiler,Z,Debris - Light,Approved,USGS,8ff25acb-7bf8-586a-e053-0100007fd169,
09428500,2019-09-03T18:24:25+00:00,00060,698,ft^3/s,Fair,Acoustic Doppler Current Profiler,Z,Clear,Approved,USGS,91d7a7e9-d94f-298b-e053-0100007f55f2,
09428500,2019-10-03T19:36:16+00:00,00060,485,ft^3/s,Fair,Acoustic Doppler Current Profiler,Z,Clear,Approved,USGS,947dbf46-8a82-5460-e053-0100007f56ad,
09428500,2019-11-04T23:44:06+00:00,00060,534,ft^3/s,Fair,Acoustic Doppler Current Profiler,Z,Clear,Approved,USGS,97d990cb-72c6-460b-bb6a-5f6750089f11,
09428500,2020-02-03T20:28:55+00:00,00060,699,ft^3/s,Fair,Acoustic Doppler Current Profiler,Z,Clear,Approved,USGS,3dd94134-d012-4812-be4d-e8b9fee39417,
09428500,2020-05-05T19:25:36+00:00,00060,988,ft^3/s,Fair,Acoustic Doppler Current Profiler,Z,Clear,Approved,USGS,20879674-35b1-4640-af8a-01e3a53acc3b,
09428500,2020-07-06T18:17:25+00:00,00060,1020,ft^3/s,Fair,Acoustic Doppler Current Profiler,Z,Clear,Approved,USGS,94f6d40d-1627-4a91-8747-3e3cd5dd260c,
09428500,2020-09-01T18:28:45+00:00,00060,828,ft^3/s,Fair,Acoustic Doppler Current Profiler,Z,Clear,Approved,USGS,65540648-06dd-45fd-8b91-138d4ff65aae,
09428500,2020-11-02T16:28:10+00:00,00060,420,ft^3/s,Fair,Acoustic Doppler Current Profiler,Z,Debris - Light,Approved,USGS,4a8e1161-6115-4512-8f61-5bdff05f1911,
09428500,2021-03-09T19:40:36+00:00,00060,830,ft^3/s,Fair,Acoustic Doppler Current Profiler,Z,Debris - Light,Approved,USGS,e45cf6f2-c6d6-4cca-81cb-97a4e7044b54,
09428500,2021-03-09T23:39:24+00:00,00060,825,ft^3/s,Fair,Acoustic Doppler Current Profiler,Z,Debris - Light,Approved,USGS,e45cf6f2-c6d6-4cca-81cb-97a4e7044b54,
09428500,2021-04-05T16:14:44+00:00,00060,834,ft^3/s,Fair,Acoustic Doppler Current Profiler,Z,Debris - Light,Approved,USGS,2f93e6a3-4daf-427e-bf5c-e9693187dab8,
09428500,2021-05-03T19:07:11+00:00,00060,921,ft^3/s,Good,Acoustic Doppler Current Profiler,Z,Debris - Light,Approved,USGS,1974870a-9c6e-4cb6-b17d-dad243e6a467,
09428500,2021-06-01T16:23:54+00:00,00060,1080,ft^3/s,Fair,Acoustic Doppler Current Profiler,Z,Debris - Light,Approved,USGS,cd87ce57-2513-4ccc-b54a-0622591ea0cd,
09428500,2021-07-06T20:31:20+00:00,00060,1020,ft^3/s,Good,Acoustic Doppler Current Profiler,Z,Debris - Light,Approved,USGS,e2ca348e-f7de-4737-aca0-63eb41b3b6ca,
09428500,2021-09-09T19:09:06+00:00,00060,780,ft^3/s,Good,Acoustic Doppler Current Profiler,Z,Debris - Light,Approved,USGS,1a8afb91-bb3c-4e3a-98df-54528e1dc219,
09428500,2021-10-05T17:36:11+00:00,00060,743,ft^3/s,Fair,Acoustic Doppler Current Profiler,Z,Debris - Light,Approved,USGS,681e2c09-5b60-4c3b-8d09-847e37bc0351,
09428500,2021-11-02T17:06:07+00:00,00060,484,ft^3/s,Fair,Acoustic Doppler Current Profiler,Z,Clear,Approved,USGS,b2ebc8c5-baaa-4701-8f5b-d3261c808268,
09428500,2021-12-01T16:32:05+00:00,00060,469,ft^3/s,Fair,Acoustic Doppler Current Profiler,Z,Clear,Approved,USGS,a0cc30a4-7cad-4934-abf4-e3f2d2dcb2a7,
09428500,2022-01-03T20:22:59+00:00,00060,317,ft^3/s,Fair,Acoustic Doppler Current Profiler,Z,Debris - Light,Approved,USGS,e9f2c6e3-f701-4ca3-9835-1cd6e193c494,
09428500,2022-02-01T16:43:19+00:00,00060,1010,ft^3/s,Fair,Acoustic Doppler Current Profiler,Z,Clear,Approved,USGS,739e9593-666e-4c90-8042-c40c440242f4,
09428500,2022-03-08T16:34:09+00:00,00060,517,ft^3/s,Fair,Acoustic Doppler Current Profiler,Z,Clear,Approved,USGS,3b74fc35-0d15-4951-8a14-8ec91e4300fd,
09428500,2022-04-04T16:56:49+00:00,00060,969,ft^3/s,Fair,Acoustic Doppler Current Profiler,Z,Clear,Approved,USGS,d067dbe5-38d4-4e8e-a33f-69a20ebddc50,
09428500,2022-05-02T17:10:37+00:00,00060,1030,ft^3/s,Good,Acoustic Doppler Current Profiler,Z,Clear,Approved,USGS,bc62eb6d-eab6-40ba-81ce-a0bd1c7ba684,
09428500,2022-06-06T16:14:38+00:00,00060,1030,ft^3/s,Good,Acoustic Doppler Current Profiler,Z,Clear,Approved,USGS,7b382f2a-1842-4ea2-9c24-17be7bd936d3,
09428500,2022-07-06T17:16:00+00:00,00060,964,ft^3/s,Fair,Acoustic Doppler Current Profiler,Z,Clear,Approved,USGS,ba52749d-34f7-47c9-9f19-6c9ee9e40987,
09428500,2022-09-06T16:49:28+00:00,00060,566,ft^3/s,Fair,Acoustic Doppler Current Profiler,Z,Debris - Moderate,Approved,USGS,3ff1f7de-8e72-448f-856e-e2f954d7154a,
09428500,2022-10-03T16:57:07+00:00,00060,557,ft^3/s,Fair,Acoustic Doppler Current Profiler,Z,Debris - Light,Approved,USGS,6b67348b-ec6d-42c4-a922-2e3ad97e2170,
09428500,2022-11-01T17:33:07+00:00,00060,298,ft^3/s,Poor,Acoustic Doppler Current Profiler,Z,Clear,Approved,USGS,11219dc4-7866-442e-98fd-2b28d1990e5a,
09428500,2022-12-05T17:06:53+00:00,00060,252,ft^3/s,Poor,Acoustic Doppler Current Profiler,Z,Vegetation - Light,Approved,USGS,20a5c7d5-7989-4f6c-9221-fa90ed33399e,
09428500,2023-01-04T16:45:52+00:00,00060,221,ft^3/s,Poor,Acoustic Doppler Current Profiler,Z,Vegetation - Light,Approved,USGS,b7b736f9-dbfa-466a-bd94-e1b1144ec269,
09428500,2023-02-07T19:51:31+00:00,00060,533,ft^3/s,Fair,Acoustic Doppler Current Profiler,Z,Clear,Approved,USGS,8d5e792a-0fb2-46b2-a3a4-db5056dd1ad3,
09428500,2023-03-06T22:20:06+00:00,00060,473,ft^3/s,Fair,Acoustic Doppler Current Profiler,Z,Vegetation - Light,Approved,USGS,d4389235-7f68-4338-933e-b7a3424b2ee2,
09428500,2023-04-03T21:01:45+00:00,00060,654,ft^3/s,Fair,Acoustic Doppler Current Profiler,Z,Vegetation - Light,Approved,USGS,ce8d42fb-8427-4607-9f2a-3a47aa7e25ba,
09428500,2023-05-09T23:20:37+00:00,00060,894,ft^3/s,Fair,Acoustic Doppler Current Profiler,Z,Vegetation - Light,Approved,USGS,d4660ccb-9359-4b17-a765-80debd1f3d1f,
09428500,2023-06-06T21:55:55+00:00,00060,987,ft^3/s,Fair,Acoustic Doppler Current Profiler,Z,Vegetation - Light,Approved,USGS,f3d97bfb-db25-4136-a51d-da9d957d350a,
09428500,2023-07-06T16:22:35+00:00,00060,1130,ft^3/s,Fair,Acoustic Doppler Current Profiler,Z,Debris - Light,Approved,USGS,8a0c7cd0-cda2-405d-96c2-18e8e73e536c,
09428500,2023-08-01T18:04:39+00:00,00060,932,ft^3/s,Fair,Acoustic Doppler Current Profiler,Z,Vegetation - Light,Approved,USGS,fd135eee-0faf-4a3f-a007-e2335d0436d8,
09428500,2023-11-06T21:20:23+00:00,00060,352,ft^3/s,Fair,Acoustic Doppler Current Profiler,Z,Clear,Approved,USGS,2ad35ffb-9f5b-4875-b3f4-881b7af491b7,
09428500,2023-12-05T16:10:07+00:00,00060,93.8,ft^3/s,Poor,Acoustic Doppler Current Profiler,Z,Vegetation - Light,Approved,USGS,bace224c-84bd-4610-a3e1-552a4718341c,
09428500,2023-12-05T16:30:59+00:00,00060,104,ft^3/s,Poor,Acoustic Doppler Current Profiler,Z,Vegetation - Light,Approved,USGS,bace224c-84bd-4610-a3e1-552a4718341c,
09428500,2024-01-08T21:09:29+00:00,00060,295,ft^3/s,Poor,Acoustic Doppler Current Profiler,Z,Clear,Approved,USGS,7dc3df35-9901-4a9d-a8c6-9770bc837c97,
09428500,2024-01-08T21:25:14+00:00,00060,299,ft^3/s,Poor,Acoustic Doppler Current Profiler,Z,Clear,Approved,USGS,7dc3df35-9901-4a9d-a8c6-9770bc837c97,
09428500,2024-03-04T20:26:25+00:00,00060,791,ft^3/s,Fair,Acoustic Doppler Current Profiler,Z,Clear,Approved,USGS,7ec84f4e-cdc3-4d43-8ae4-2af74c5eaea2,
09428500,2024-04-01T21:24:19+00:00,00060,802,ft^3/s,Fair,Acoustic Doppler Current Profiler,Z,Vegetation - Light,Approved,USGS,eafb9b61-ab7f-4c45-80a4-61c4494d696a,
09428500,2024-05-07T14:07:24+00:00,00060,1120,ft^3/s,Fair,Acoustic Doppler Current Profiler,Z,Vegetation - Light,Approved,USGS,8091b245-8003-46ea-8e37-1a25f36d9a23,
09428500,2024-06-03T17:31:12+00:00,00060,1250,ft^3/s,Fair,Acoustic Doppler Current Profiler,Z,Vegetation - Light,Approved,USGS,d582908d-3358-4cdf-a96d-05a2d7c1e004,
09428500,2024-07-01T22:44:27+00:00,00060,1050,ft^3/s,Fair,Acoustic Doppler Current Profiler,Z,Debris - Moderate,Approved,USGS,5701c9c3-6936-498d-a2a3-057411741236,
09428500,2024-08-05T22:22:10+00:00,00060,1020,ft^3/s,Fair,Acoustic Doppler Current Profiler,Z,Debris - Moderate,Approved,USGS,3674e9c3-d8b8-45e8-9413-5a3c28a18bce,
09428500,2024-09-09T20:53:22+00:00,00060,866,ft^3/s,Fair,Acoustic Doppler Current Profiler,Z,Clear,Approved,USGS,1982ce1e-a364-4115-aeaf-c70aac546c2f,
09428500,2024-10-08T20:38:08+00:00,00060,643,ft^3/s,Fair,Acoustic Doppler Current Profiler,Z,Unspecifed,Approved,USGS,465d5b73-912c-4a10-8646-48638f0f42d3,
09428500,2024-11-04T20:59:57+00:00,00060,489,ft^3/s,Good,Acoustic Doppler Current Profiler,Z,Clear,Approved,USGS,9e046ee5-2a21-4f9b-a036-8314760bff49,
09428500,2025-01-06T21:25:15+00:00,00060,571,ft^3/s,Poor,Acoustic Doppler Current Profiler,Z,Clear,Approved,USGS,1069d56d-b4bb-4bde-bb87-382494208a1d,
09428500,2025-02-10T20:44:16+00:00,00060,439,ft^3/s,Fair,Acoustic Doppler Current Profiler,Z,Debris - Moderate,Approved,USGS,d31dc818-540a-4e8a-bb72-a967c0db0bcc,
09428500,2025-03-04T20:36:10+00:00,00060,722,ft^3/s,Fair,Acoustic Doppler Current Profiler,Z,Debris - Moderate,Approved,USGS,0f5237db-9a1c-4f60-b523-43307bf7f0bc,
09428500,2025-04-07T16:07:28+00:00,00060,651,ft^3/s,Fair,Acoustic Doppler Current Profiler,Z,Debris - Moderate,Approved,USGS,ec58a935-9f7c-4cff-aea6-fbc11b8e4223,
09428500,2025-05-06T21:27:21+00:00,00060,877,ft^3/s,Fair,Acoustic Doppler Current Profiler,Z,Clear,Approved,USGS,9dddb27a-c824-4ac1-94d2-ef5d30559539,
09428500,2025-05-06T21:41:42+00:00,00060,879,ft^3/s,Fair,Acoustic Doppler Current Profiler,Z,Clear,Approved,USGS,9dddb27a-c824-4ac1-94d2-ef5d30559539,
09428500,2025-06-04T21:11:19+00:00,00060,957,ft^3/s,Fair,Acoustic Doppler Current Profiler,Z,Clear,Approved,USGS,0ab09093-3698-4bbe-acab-9f9d84ad522d,
09428500,2025-08-05T21:08:00+00:00,00060,1060,ft^3/s,Fair,Acoustic Doppler Current Profiler,Z,Debris - Moderate,Approved,USGS,bcf1fcf4-bfa1-4ab3-a2d4-1479fcd39190,
09428500,2025-09-09T20:54:04+00:00,00060,905,ft^3/s,Good,Acoustic Doppler Current Profiler,Z,Clear,Approved,USGS,0d812bd0-f9a8-4567-9917-b48f21fbafc5,
09428500,2025-10-02T17:13:30+00:00,00060,831,ft^3/s,Fair,Acoustic Doppler Current Profiler,Z,Clear,Approved,USGS,90a37b4a-f430-44f4-ac80-9d1ee900f371,
09428500,2026-02-03T20:51:24+00:00,00060,941,ft^3/s,Good,Acoustic Doppler Current Profiler,Z,Debris - Light,Approved,USGS,931df248-0bf9-44dc-b7a4-d27fa3321554,
09428500,2026-03-03T20:38:49+00:00,00060,766,ft^3/s,Fair,Acoustic Doppler Current Profiler,Z,Debris - Moderate,Approved,USGS,e46718de-b573-47e2-af14-aa8712cf4ef0,
09428500,2026-04-08T15:02:22+00:00,00060,822,ft^3/s,Good,Acoustic Doppler Current Profiler,Z,Debris - Light,Approved,USGS,84cd59e0-f79b-4eee-9f8a-ba5747f192fa,
09428500,2026-05-06T16:04:07+00:00,00060,877,ft^3/s,Fair,Acoustic Doppler Current Profiler,Z,Debris - Moderate,Approved,USGS,5dffa193-7f0f-451d-8683-37852f0fba4b,
09428500,2026-06-02T22:28:58+00:00,00060,1010,ft^3/s,Fair,Acoustic Doppler Current Profiler,Z,,Approved,USGS,698539dc-f57e-46f0-8f06-b1273ad9857b,
09428500,2026-07-06T20:32:53+00:00,00060,856,ft^3/s,Fair,Acoustic Doppler Current Profiler,Z,Debris - Light,Approved,USGS,eb8cdca5-543e-42ee-b004-0792bcdae748,
09428500,2026-08-04T21:35:40+00:00,00060,1080,ft^3/s,Fair,Acoustic Doppler Current Profiler,Z,Debris - Light,Approved,USGS,fd00c985-cb62-4f96-b1a0-ae4b7f47a329,
09522700,1984-09-06T07:00:00+00:00,00060,1030,ft^3/s,Good,Unspecified,Z,Clear,Approved,USGS,51b69a36-cedc-193a-e053-0100007f4466,
09522700,1984-10-02T07:00:00+00:00,00060,384,ft^3/s,Good,Unspecified,Z,Clear,Approved,USGS,51b69d2f-5adf-19dc-e053-0100007fa0b4,
09522700,1984-12-07T07:00:00+00:00,00060,202,ft^3/s,Good,Unspecified,Z,Clear,Approved,USGS,51b68c06-9871-0f8d-e053-0100007ff2b0,
09522700,1985-03-05T07:00:00+00:00,00060,762,ft^3/s,Good,Unspecified,Z,Clear,Approved,USGS,51b69da7-0a85-1bfc-e053-0100007f1f42,
09522700,1985-04-01T07:00:00+00:00,00060,720,ft^3/s,Good,Unspecified,Z,Clear,Approved,USGS,51b68bc2-e957-0f8b-e053-0100007f88e0,
09522700,1985-06-03T07:00:00+00:00,00060,638,ft^3/s,Good,Unspecified,Z,Clear,Approved,USGS,51b68c06-9872-0f8d-e053-0100007ff2b0,
09522700,1985-07-02T07:00:00+00:00,00060,881,ft^3/s,Good,Unspecified,Z,Clear,Approved,USGS,51b695fe-3139-16c5-e053-0100007f88be,
09522700,1985-09-05T07:00:00+00:00,00060,801,ft^3/s,Good,Unspecified,Z,Clear,Approved,USGS,51b69e22-10c2-1c34-e053-0100007f1426,
09522700,1985-10-31T07:00:00+00:00,00060,394,ft^3/s,Good,Unspecified,Z,Clear,Approved,USGS,51b69ded-ffee-1c32-e053-0100007f622d,
09522700,1985-12-31T07:00:00+00:00,00060,235,ft^3/s,Good,Unspecified,Z,Clear,Approved,USGS,51b69ce9-0ca2-19de-e053-0100007ffbef,
09522700,1986-01-31T07:00:00+00:00,00060,309,ft^3/s,Good,Unspecified,Z,Clear,Approved,USGS,51b68f4f-b70c-0fab-e053-0100007f1e43,
09522700,1986-04-30T07:00:00+00:00,00060,816,ft^3/s,Good,Unspecified,Z,Clear,Approved,USGS,51b68f89-78d8-128b-e053-0100007f4b1f,
09522700,1986-06-05T07:00:00+00:00,00060,959,ft^3/s,Good,Unspecified,Z,Clear,Approved,USGS,51b68f89-78d9-128b-e053-0100007f4b1f,
09522700,1986-06-30T07:00:00+00:00,00060,552,ft^3/s,Good,Unspecified,Z,Clear,Approved,USGS,51b68f89-78da-128b-e053-0100007f4b1f,
09522700,1986-09-08T07:00:00+00:00,00060,872,ft^3/s,Good,Unspecified,Z,Clear,Approved,USGS,51b695ff-6283-16f3-e053-0100007f9b11,
09522700,1987-02-03T16:10:00+00:00,00060,388,ft^3/s,Good,Unspecified,Z,Clear,Approved,USGS,51b69950-369f-16c1-e053-0100007f0258,
09522700,1987-04-02T15:40:00+00:00,00060,550,ft^3/s,Good,Unspecified,Z,Clear,Approved,USGS,51b68482-5293-09a8-e053-0100007f94c2,
09522700,1987-09-09T15:35:00+00:00,00060,881,ft^3/s,Good,Unspecified,Z,Clear,Approved,USGS,51b69da3-724d-1bf8-e053-0100007fa7ab,
09522700,1988-01-11T15:20:00+00:00,00060,334,ft^3/s,Good,Unspecified,Z,Clear,Approved,USGS,51b695fe-313b-16c5-e053-0100007f88be,
09522700,1988-05-05T16:10:00+00:00,00060,894,ft^3/s,Good,Unspecified,Z,Clear,Approved,USGS,51b695b9-5609-16bb-e053-0100007f5a28,
09522700,1988-07-15T16:00:00+00:00,00060,1020,ft^3/s,Good,Unspecified,Z,Clear,Approved,USGS,51b69d92-643c-1bfe-e053-0100007f7b76,
09522700,1988-08-05T17:05:00+00:00,00060,864,ft^3/s,Good,Unspecified,Z,Clear,Approved,USGS,51b68bc2-e959-0f8b-e053-0100007f88e0,
09522700,1988-09-01T16:10:00+00:00,00060,589,ft^3/s,Good,Unspecified,Z,Clear,Approved,USGS,51b69dce-c512-1c38-e053-0100007f14a2,
09522700,1988-10-06T16:40:00+00:00,00060,610,ft^3/s,Good,Unspecified,Z,Clear,Approved,USGS,51b69a8d-c4e0-1a56-e053-0100007fee79,
09522700,1989-01-05T17:20:00+00:00,00060,127,ft^3/s,Fair,Unspecified,Z,Clear,Approved,USGS,51b68eee-2454-123f-e053-0100007f0813,
09522700,1989-04-11T16:30:00+00:00,00060,936,ft^3/s,Good,Unspecified,Z,Clear,Approved,USGS,51b69a78-1515-1a5a-e053-0100007f5c3e,
09522700,1989-06-01T16:40:00+00:00,00060,718,ft^3/s,Good,Unspecified,Z,Clear,Approved,USGS,51b692be-3f81-14ce-e053-0100007f822a,
09522700,1989-07-06T17:40:00+00:00,00060,906,ft^3/s,Good,Unspecified,Z,Clear,Approved,USGS,51b69d92-643d-1bfe-e053-0100007f7b76,
09522700,1989-08-03T16:00:00+00:00,00060,739,ft^3/s,Good,Unspecified,Z,Clear,Approved,USGS,51b695af-bed4-16bd-e053-0100007fb1c5,
09522700,1989-09-07T16:00:00+00:00,00060,905,ft^3/s,Good,Unspecified,Z,Clear,Approved,USGS,51b696c8-1f7b-172b-e053-0100007f3baf,
09522700,1989-10-10T16:00:00+00:00,00060,692,ft^3/s,Good,Unspecified,Z,Clear,Approved,USGS,51b68bf1-11ff-0f72-e053-0100007f36cd,
09522700,1989-11-07T17:05:00+00:00,00060,712,ft^3/s,Good,Unspecified,Z,Clear,Approved,USGS,51b69668-4b91-172f-e053-0100007f3f68,
09522700,1989-12-07T15:30:00+00:00,00060,429,ft^3/s,Good,Unspecified,Z,Clear,Approved,USGS,51b69aa2-ec7e-1942-e053-0100007ff216,
09522700,1990-01-02T16:45:00+00:00,00060,262,ft^3/s,Good,Unspecified,Z,Clear,Approved,USGS,51b69296-9982-14d4-e053-0100007f638a,
09522700,1990-02-02T18:15:00+00:00,00060,578,ft^3/s,Good,Unspecified,Z,Clear,Approved,USGS,51b68bce-014e-0fa3-e053-0100007fa2af,
09522700,1990-03-02T16:30:00+00:00,00060,628,ft^3/s,Good,Unspecified,Z,Clear,Approved,USGS,51b69d7b-49c3-1ba9-e053-0100007f0104,
09522700,1990-04-04T17:00:00+00:00,00060,665,ft^3/s,Good,Unspecified,Z,Clear,Approved,USGS,51b69296-9983-14d4-e053-0100007f638a,
09522700,1990-05-03T16:00:00+00:00,00060,996,ft^3/s,Good,Unspecified,Z,Clear,Approved,USGS,51b69d2e-c9b2-1ba4-e053-0100007f4c47,
09522700,1990-06-04T16:48:00+00:00,00060,828,ft^3/s,Good,Unspecified,Z,Clear,Approved,USGS,51b69d7b-49c4-1ba9-e053-0100007f0104,
09522700,1990-07-05T15:35:00+00:00,00060,895,ft^3/s,Good,Unspecified,Z,Clear,Approved,USGS,51b69d7b-49c5-1ba9-e053-0100007f0104,
09522700,1990-09-06T15:30:00+00:00,00060,432,ft^3/s,Good,Unspecified,Z,Clear,Approved,USGS,51b68eee-2457-123f-e053-0100007f0813,
09522700,1990-11-06T16:25:00+00:00,00060,666,ft^3/s,Good,Unspecified,Z,Clear,Approved,USGS,51b68eee-2458-123f-e053-0100007f0813,
09522700,1990-12-05T15:15:00+00:00,00060,519,ft^3/s,Good,Unspecified,Z,Clear,Approved,USGS,51b68eee-245a-123f-e053-0100007f0813,
09522700,1991-03-04T17:00:00+00:00,00060,375,ft^3/s,Good,Unspecified,Z,Clear,Approved,USGS,51b68820-c791-0cc4-e053-0100007ff224,
09522700,1991-05-07T17:00:00+00:00,00060,680,ft^3/s,Good,Unspecified,Z,Clear,Approved,USGS,51b699ce-7d19-1940-e053-0100007fc2bb,
09522700,1991-06-04T18:50:00+00:00,00060,770,ft^3/s,Good,Unspecified,Z,Clear,Approved,USGS,51b69620-2751-16f1-e053-0100007f59c9,
09522700,1991-07-03T15:45:00+00:00,00060,1050,ft^3/s,Good,Unspecified,Z,Clear,Approved,USGS,51b69620-2752-16f1-e053-0100007f59c9,
09522700,1991-08-01T15:06:00+00:00,00060,702,ft^3/s,Good,Unspecified,Z,Clear,Approved,USGS,51b6967e-e0b3-16ef-e053-0100007f2e39,
09522700,1991-10-02T15:50:00+00:00,00060,801,ft^3/s,Good,Unspecified,Z,Clear,Approved,USGS,51b699c2-c7b6-1961-e053-0100007f8cf6,
09522700,1991-11-06T16:20:00+00:00,00060,612,ft^3/s,Good,Unspecified,Z,Clear,Approved,USGS,51b684ed-d2df-0aa7-e053-0100007fe637,
09522700,1992-05-06T18:00:00+00:00,00060,737,ft^3/s,Good,Unspecified,Z,Clear,Approved,USGS,51b6967e-e0b5-16ef-e053-0100007f2e39,
09522700,1992-09-02T17:00:00+00:00,00060,359,ft^3/s,Good,Unspecified,Z,Clear,Approved,USGS,51b6967e-e0b7-16ef-e053-0100007f2e39,
09522700,1993-06-07T17:30:00+00:00,00060,553,ft^3/s,Good,Unspecified,Z,Clear,Approved,USGS,51b69252-aadf-1441-e053-0100007f45a7,
09522700,1993-09-21T16:30:00+00:00,00060,658,ft^3/s,Good,Unspecified,Z,,Approved,USGS,51b696c8-1f88-172b-e053-0100007f3baf,
09522700,1993-12-01T18:40:00+00:00,00060,443,ft^3/s,Good,Unspecified,Z,,Approved,USGS,51b69d5a-02a5-193c-e053-0100007fc140,
09522700,1994-02-04T17:10:00+00:00,00060,522,ft^3/s,Good,Unspecified,Z,,Approved,USGS,51b68bcf-47ef-0f91-e053-0100007f6cf9,
09522700,1994-07-21T16:20:00+00:00,00060,862,ft^3/s,Good,Unspecified,Z,,Approved,USGS,51b69990-d24d-1719-e053-0100007f6f23,
09522700,1994-10-04T16:30:00+00:00,00060,471,ft^3/s,Good,Unspecified,Z,,Approved,USGS,51b68f78-f148-1239-e053-0100007f916f,
09522700,1995-02-03T17:45:00+00:00,00060,398,ft^3/s,Good,Unspecified,Z,,Approved,USGS,51b6a104-20e6-1ee3-e053-0100007f719f,
09522700,1995-04-05T15:45:00+00:00,00060,795,ft^3/s,Good,Unspecified,Z,,Approved,USGS,51b69a12-a5a5-18cb-e053-0100007ffe24,
09522700,1995-07-03T16:00:00+00:00,00060,716,ft^3/s,Fair,Unspecified,Z,,Approved,USGS,51b67a0a-b989-01fe-e053-0100007fed1b,
09522700,1995-10-04T17:45:00+00:00,00060,568,ft^3/s,Fair,Unspecified,Z,,Approved,USGS,51b6a17b-2b09-1f05-e053-0100007f88ef,
09522700,1995-12-01T19:40:00+00:00,00060,356,ft^3/s,Good,Unspecified,Z,,Approved,USGS,51b6a0fe-d98e-1f0b-e053-0100007fc9e8,
09522700,1996-02-02T17:30:00+00:00,00060,542,ft^3/s,Good,Unspecified,Z,Clear,Approved,USGS,51b6a18f-f9ec-203b-e053-0100007f01da,
09522700,1996-08-06T17:00:00+00:00,00060,740,ft^3/s,Good,Unspecified,Z,Clear,Approved,USGS,51b6a18f-f9ed-203b-e053-0100007f01da,
09522700,1996-09-09T17:00:00+00:00,00060,555,ft^3/s,Good,Unspecified,Z,Clear,Approved,USGS,51b6a0be-5925-1eac-e053-0100007f30dd,
09522700,1997-05-07T15:30:00+00:00,00060,915,ft^3/s,Fair,Unspecified,Z,Clear,Approved,USGS,51b692be-3f90-14ce-e053-0100007f822a,
09522700,1997-10-03T18:00:00+00:00,00060,585,ft^3/s,Good,Unspecified,Z,Clear,Approved,USGS,51b69296-998f-14d4-e053-0100007f638a,
09522700,1997-12-09T18:30:00+00:00,00060,234,ft^3/s,Good,Unspecified,Z,Clear,Approved,USGS,51b69d2e-c9c4-1ba4-e053-0100007f4c47,
09522700,1998-04-01T17:05:00+00:00,00060,746,ft^3/s,Good,Unspecified,Z,Clear,Approved,USGS,51b69d2e-c9c5-1ba4-e053-0100007f4c47,
09522700,1998-09-08T16:45:00+00:00,00060,645,ft^3/s,Fair,Unspecified,Z,Clear,Approved,USGS,51b69da7-0a94-1bfc-e053-0100007f1f42,
09522700,1998-10-07T15:40:00+00:00,00060,649,ft^3/s,Good,Unspecified,Z,Clear,Approved,USGS,51b69da7-0a95-1bfc-e053-0100007f1f42,
09522700,1998-11-06T18:00:00+00:00,00060,384,ft^3/s,Fair,Unspecified,Z,Clear,Approved,USGS,51b684ed-d2e6-0aa7-e053-0100007fe637,
09522700,1999-09-01T16:45:00+00:00,00060,378,ft^3/s,Good,Unspecified,Z,Clear,Approved,USGS,51b6849e-a834-0ae3-e053-0100007fc171,
09522700,2000-01-12T17:00:00+00:00,00060,388,ft^3/s,Good,Unspecified,Z,,Approved,USGS,51b69a36-ceee-193a-e053-0100007f4466,
09522700,2000-03-03T18:00:00+00:00,00060,598,ft^3/s,Good,Unspecified,Z,Clear,Approved,USGS,51b68eca-ef71-0fad-e053-0100007fa5b6,
09522700,2000-08-08T17:03:00+00:00,00060,646,ft^3/s,Good,Unspecified,Z,Clear,Approved,USGS,51b69d92-646d-1bfe-e053-0100007f7b76,
09522700,2000-10-06T16:51:00+00:00,00060,679,ft^3/s,Good,Unspecified,Z,Clear,Approved,USGS,51b68442-804c-0a4d-e053-0100007f5c14,
09522700,2000-11-06T19:00:00+00:00,00060,366,ft^3/s,Good,Unspecified,Z,Clear,Approved,USGS,51b69dd2-3a78-1c30-e053-0100007fa341,
09522700,2001-03-13T20:40:00+00:00,00060,281,ft^3/s,Good,Unspecified,Z,Clear,Approved,USGS,51b69252-aaf0-1441-e053-0100007f45a7,
09522700,2001-04-09T17:30:00+00:00,00060,439,ft^3/s,Fair,Unspecified,Z,Clear,Approved,USGS,51b6a33a-57b2-2109-e053-0100007fe106,
09522700,2001-08-13T18:15:00+00:00,00060,447,ft^3/s,Fair,Unspecified,Z,Clear,Approved,USGS,51b692e2-6c75-14d6-e053-0100007fdad8,
09522700,2001-10-01T20:55:00+00:00,00060,591,ft^3/s,Good,Unspecified,Z,Clear,Approved,USGS,51b68f4f-b723-0fab-e053-0100007f1e43,
09522700,2001-11-05T18:18:00+00:00,00060,507,ft^3/s,Good,Unspecified,Z,Debris - Light,Approved,USGS,51b6886f-4ae9-0c89-e053-0100007faa65,
09522700,2002-01-11T16:35:00+00:00,00060,412,ft^3/s,Good,Unspecified,Z,Debris - Light,Approved,USGS,51b6847d-d57d-0ae5-e053-0100007f10d2,
09522700,2002-06-03T16:40:00+00:00,00060,760,ft^3/s,Fair,Unspecified,Z,Clear,Approved,USGS,51b69a8d-c4f8-1a56-e053-0100007fee79,
09522700,2002-09-13T16:45:00+00:00,00060,576,ft^3/s,Good,Unspecified,Z,Vegetation - Light,Approved,USGS,51b692cc-7db6-1229-e053-0100007f80be,
09522700,2002-11-04T16:30:00+00:00,00060,600,ft^3/s,Fair,Unspecified,Z,Clear,Approved,USGS,51b695b8-e2f4-169f-e053-0100007fcf08,
09522700,2003-04-11T18:38:00+00:00,00060,1040,ft^3/s,Good,Unspecified,Z,Clear,Approved,USGS,51b68eca-ef78-0fad-e053-0100007fa5b6,
09522700,2003-07-02T16:50:00+00:00,00060,843,ft^3/s,Good,Unspecified,Z,Clear,Approved,USGS,51b69926-f2f5-18c4-e053-0100007f717e,
09522700,2003-10-02T16:45:00+00:00,00060,813,ft^3/s,Good,Unspecified,Z,Clear,Approved,USGS,51b68c4c-a852-0fa7-e053-0100007f3dbc,
09522700,2003-11-04T16:34:00+00:00,00060,625,ft^3/s,Good,Unspecified,Z,Clear,Approved,USGS,51b68f4f-b729-0fab-e053-0100007f1e43,
09522700,2004-04-15T19:57:00+00:00,00060,762,ft^3/s,Good,Unspecified,Z,Clear,Approved,USGS,51b6a1a1-475e-1ec4-e053-0100007f249f,
09522700,2004-08-02T21:13:00+00:00,00060,618,ft^3/s,Good,Unspecified,Z,Clear,Approved,USGS,51b6a1a1-475f-1ec4-e053-0100007f249f,
09522700,2004-09-09T16:45:00+00:00,00060,508,ft^3/s,Good,Unspecified,Z,Clear,Approved,USGS,51b6a0ce-e26d-1ec2-e053-0100007ff97d,
09522700,2004-11-04T20:28:00+00:00,00060,173,ft^3/s,Good,Acoustic Doppler Current Profiler,Z,Clear,Approved,USGS,51b69da7-0aad-1bfc-e053-0100007f1f42,
09522700,2004-12-03T19:19:00+00:00,00060,318,ft^3/s,Good,Unspecified,Z,Clear,Approved,USGS,51b69a12-a5b0-18cb-e053-0100007ffe24,
09522700,2005-02-02T19:24:00+00:00,00060,317,ft^3/s,Fair,Unspecified,Z,Clear,Approved,USGS,51b69a36-cef9-193a-e053-0100007f4466,
09522700,2005-04-11T21:45:00+00:00,00060,470,ft^3/s,Good,Unspecified,Z,Clear,Approved,USGS,51b6a492-7c00-2105-e053-0100007f92be,
09522700,2005-06-09T16:26:00+00:00,00060,728,ft^3/s,Good,Acoustic Doppler Current Profiler,Z,Debris - Light,Approved,USGS,51b69b1a-a7bb-1a76-e053-0100007f5803,
09522700,2005-07-07T19:19:00+00:00,00060,623,ft^3/s,Good,Acoustic Doppler Current Profiler,Z,Clear,Approved,USGS,51b6a0ce-e270-1ec2-e053-0100007ff97d,
09522700,2005-09-01T17:54:00+00:00,00060,366,ft^3/s,Good,Acoustic Doppler Current Profiler,Z,Clear,Approved,USGS,51b68c1d-0004-0f8f-e053-0100007f1fd3,
09522700,2005-10-17T17:18:00+00:00,00060,391,ft^3/s,Good,Acoustic Doppler Current Profiler,Z,Clear,Approved,USGS,51b6a42e-5082-2161-e053-0100007f3617,
09522700,2006-01-09T19:59:00+00:00,00060,218,ft^3/s,Fair,Acoustic Doppler Current Profiler,Z,Clear,Approved,USGS,51b69332-f8fb-1443-e053-0100007fd971,
09522700,2006-02-03T20:22:00+00:00,00060,437,ft^3/s,Good,Acoustic Doppler Current Profiler,Z,Vegetation - Light,Approved,USGS,51b6a44c-bb80-215d-e053-0100007f2c10,
09522700,2006-03-10T16:40:00+00:00,00060,497,ft^3/s,Fair,Acoustic Doppler Current Profiler,Z,Clear,Approved,USGS,51b6a1af-e509-203d-e053-0100007fe69e,
09522700,2006-03-22T16:29:00+00:00,00060,562,ft^3/s,Good,Acoustic Doppler Current Profiler,Z,Clear,Approved,USGS,51b6964d-2de1-16b5-e053-0100007f1a79,
09522700,2006-05-04T18:09:00+00:00,00060,750,ft^3/s,Fair,Acoustic Doppler Current Profiler,Z,Clear,Approved,USGS,51b6a0fe-d9a8-1f0b-e053-0100007fc9e8,
09522700,2006-06-13T16:47:00+00:00,00060,729,ft^3/s,Good,Acoustic Doppler Current Profiler,Z,Clear,Approved,USGS,51b6a0fe-d9a9-1f0b-e053-0100007fc9e8,
09522700,2006-07-06T19:45:00+00:00,00060,848,ft^3/s,Good,Acoustic Doppler Current Profiler,Z,Clear,Approved,USGS,51b6a4bf-74b2-2197-e053-0100007f4438,
09522700,2006-08-03T18:44:00+00:00,00060,744,ft^3/s,Good,Acoustic Doppler Current Profiler,Z,Debris - Light,Approved,USGS,51b69969-2668-18e8-e053-0100007f98f2,
09522700,2006-09-07T18:45:00+00:00,00060,419,ft^3/s,Good,Acoustic Doppler Current Profiler,Z,Debris - Light,Approved,USGS,51b69601-c5eb-16b7-e053-0100007f36d9,
09522700,2006-10-12T16:26:00+00:00,00060,512,ft^3/s,Poor,Acoustic Doppler Current Profiler,Z,Clear,Approved,USGS,51b69a8e-ef41-1a78-e053-0100007fb451,
09522700,2006-12-14T20:34:00+00:00,00060,534,ft^3/s,Good,Acoustic Doppler Current Profiler,Z,Clear,Approved,USGS,51b6a4fc-e8b6-2021-e053-0100007f3f7b,
09522700,2007-01-10T19:10:00+00:00,00060,510,ft^3/s,Good,Acoustic Doppler Current Profiler,Z,Clear,Approved,USGS,51b6a0cf-1fd1-1eca-e053-0100007fbce3,
09522700,2007-02-08T19:54:00+00:00,00060,488,ft^3/s,Good,Acoustic Doppler Current Profiler,Z,Debris - Light,Approved,USGS,51b695c3-17c7-169d-e053-0100007fdded,
09522700,2007-03-12T18:22:00+00:00,00060,743,ft^3/s,Fair,Acoustic Doppler Current Profiler,Z,Debris - Moderate,Approved,USGS,51b695c3-17c8-169d-e053-0100007fdded,
09522700,2007-04-09T17:44:00+00:00,00060,722,ft^3/s,Fair,Acoustic Doppler Current Profiler,Z,Clear,Approved,USGS,51b695c3-17c9-169d-e053-0100007fdded,
09522700,2007-04-13T17:54:00+00:00,00060,699,ft^3/s,Fair,Acoustic Doppler Current Profiler,Z,Debris - Light,Approved,USGS,51b695af-bee6-16bd-e053-0100007fb1c5,
09522700,2007-05-07T16:30:00+00:00,00060,707,ft^3/s,Good,Acoustic Doppler Current Profiler,Z,Clear,Approved,USGS,51b69a12-a5b5-18cb-e053-0100007ffe24,
09522700,2007-06-07T19:38:00+00:00,00060,798,ft^3/s,Good,Acoustic Doppler Current Profiler,Z,Clear,Approved,USGS,51b6a53d-be4d-201f-e053-0100007f0a26,
09522700,2007-07-06T16:26:00+00:00,00060,818,ft^3/s,Good,Acoustic Doppler Current Profiler,Z,Clear,Approved,USGS,51b699b0-79ca-18c2-e053-0100007f42fb,
09522700,2007-07-10T21:30:00+00:00,00060,736,ft^3/s,Good,Acoustic Doppler Current Profiler,Z,Clear,Approved,USGS,51b69dce-98f0-1bfa-e053-0100007f47bb,
09522700,2007-08-06T17:09:00+00:00,00060,415,ft^3/s,Fair,Acoustic Doppler Current Profiler,Z,Vegetation - Light,Approved,USGS,51b69dce-98f1-1bfa-e053-0100007f47bb,
09522700,2007-09-06T15:47:00+00:00,00060,672,ft^3/s,Good,Acoustic Doppler Current Profiler,Z,Clear,Approved,USGS,51b68444-ae83-0a67-e053-0100007f3251,
09522700,2007-10-04T18:03:00+00:00,00060,776,ft^3/s,Good,Acoustic Doppler Current Profiler,Z,Vegetation - Light,Approved,USGS,51b69a1e-61d5-19f4-e053-0100007f7924,
09522700,2007-11-01T17:58:00+00:00,00060,490,ft^3/s,Good,Acoustic Doppler Current Profiler,Z,Clear,Approved,USGS,51b69a14-524b-19f7-e053-0100007f4c81,
09522700,2007-12-05T16:47:00+00:00,00060,136,ft^3/s,Poor,Acoustic Doppler Current Profiler,Z,Clear,Approved,USGS,51b68444-ae84-0a67-e053-0100007f3251,
09522700,2008-01-07T18:58:00+00:00,00060,718,ft^3/s,Poor,Acoustic Doppler Current Profiler,Z,Clear,Approved,USGS,51b6a0e6-73c9-1ed4-e053-0100007faa8a,
09522700,2008-02-11T20:08:00+00:00,00060,475,ft^3/s,Poor,Acoustic Doppler Current Profiler,Z,Clear,Approved,USGS,51b69d2e-c9d0-1ba4-e053-0100007f4c47,
09522700,2008-03-06T18:00:00+00:00,00060,544,ft^3/s,Poor,Acoustic Doppler Current Profiler,Z,Clear,Approved,USGS,51b69a36-cf09-193a-e053-0100007f4466,
09522700,2008-04-14T16:46:00+00:00,00060,855,ft^3/s,Poor,Acoustic Doppler Current Profiler,Z,Clear,Approved,USGS,51b69d2e-c9d2-1ba4-e053-0100007f4c47,
09522700,2008-06-05T17:34:00+00:00,00060,577,ft^3/s,Fair,Acoustic Doppler Current Profiler,Z,Clear,Approved,USGS,51b6a0cf-1fd3-1eca-e053-0100007fbce3,
09522700,2008-07-09T16:43:00+00:00,00060,840,ft^3/s,Fair,Acoustic Doppler Current Profiler,Z,Clear,Approved,USGS,51b6a136-d73c-1ec6-e053-0100007fc473,
09522700,2008-08-07T17:38:00+00:00,00060,829,ft^3/s,Good,Acoustic Doppler Current Profiler,Z,Clear,Approved,USGS,51b6a79b-5b3d-219d-e053-0100007fcd8b,
09522700,2008-09-10T16:00:00+00:00,00060,636,ft^3/s,Good,Acoustic Doppler Current Profiler,Z,Clear,Approved,USGS,51b6a0fb-d0ca-1bf0-e053-0100007fc429,
09522700,2008-10-02T17:35:00+00:00,00060,745,ft^3/s,Fair,Acoustic Doppler Current Profiler,Z,Clear,Approved,USGS,51b68444-ae86-0a67-e053-0100007f3251,
09522700,2008-11-18T16:48:30+00:00,00060,541,ft^3/s,Fair,Acoustic Doppler Current Profiler,Z,Clear,Approved,USGS,51b68c1d-0013-0f8f-e053-0100007f1fd3,
09522700,2009-01-08T16:45:36+00:00,00060,384,ft^3/s,Fair,Acoustic Doppler Current Profiler,Z,Clear,Approved,USGS,51b6a0a9-db30-1eae-e053-0100007f3afb,
09522700,2009-02-06T17:12:00+00:00,00060,543,ft^3/s,Fair,Acoustic Doppler Current Profiler,Z,Clear,Approved,USGS,51b6a7e6-b85e-2167-e053-0100007fd2ab,
09522700,2009-03-17T20:07:30+00:00,00060,885,ft^3/s,Good,Acoustic Doppler Current Profiler,Z,Unspecifed,Approved,USGS,51b6a7b4-778d-2179-e053-0100007f558b,
09522700,2009-05-05T21:54:30+00:00,00060,781,ft^3/s,Good,Acoustic Doppler Current Profiler,Z,Unspecifed,Approved,USGS,51b6a0bc-0410-1e9b-e053-0100007f8562,
09522700,2009-06-16T20:06:30+00:00,00060,727,ft^3/s,Fair,Acoustic Doppler Current Profiler,Z,Debris - Light,Approved,USGS,51b6a165-1a9a-1fe5-e053-0100007f4647,
09522700,2009-07-14T19:21:00+00:00,00060,836,ft^3/s,Fair,Acoustic Doppler Current Profiler,Z,Clear,Approved,USGS,51b69a12-a5b9-18cb-e053-0100007ffe24,
09522700,2009-08-07T17:30:00+00:00,00060,766,ft^3/s,Fair,Acoustic Doppler Current Profiler,Z,Clear,Approved,USGS,51b6a7ef-dea8-239e-e053-0100007ff72a,
09522700,2009-09-11T16:49:00+00:00,00060,566,ft^3/s,Good,Acoustic Doppler Current Profiler,Z,Clear,Approved,USGS,51b6a80a-deb7-2397-e053-0100007f734b,
09522700,2009-10-20T15:48:00+00:00,00060,470,ft^3/s,Fair,Acoustic Doppler Current Profiler,Z,Clear,Approved,USGS,51b6a18f-fa04-203b-e053-0100007f01da,
09522700,2009-11-06T19:13:30+00:00,00060,552,ft^3/s,Fair,Acoustic Doppler Current Profiler,Z,Clear,Approved,USGS,51b69a12-a5ba-18cb-e053-0100007ffe24,
09522700,2009-12-14T16:36:30+00:00,00060,386,ft^3/s,Good,Acoustic Doppler Current Profiler,Z,Clear,Approved,USGS,51b69926-f302-18c4-e053-0100007f717e,
09522700,2010-01-12T18:46:00+00:00,00060,301,ft^3/s,Fair,Acoustic Doppler Current Profiler,Z,Clear,Approved,USGS,51b6a18f-fa05-203b-e053-0100007f01da,
09522700,2010-02-03T20:43:30+00:00,00060,90.5,ft^3/s,Fair,Mid-section,Z,Clear,Approved,USGS,51b69a12-a5bb-18cb-e053-0100007ffe24,
09522700,2010-02-17T17:27:30+00:00,00060,266,ft^3/s,Fair,Acoustic Doppler Current Profiler,Z,Clear,Approved,USGS,51b69926-f303-18c4-e053-0100007f717e,
09522700,2010-03-18T17:29:00+00:00,00060,816,ft^3/s,Good,Acoustic Doppler Current Profiler,Z,Clear,Approved,USGS,51b69926-f304-18c4-e053-0100007f717e,
09522700,2010-04-14T17:17:30+00:00,00060,798,ft^3/s,Fair,Acoustic Doppler Current Profiler,Z,Clear,Approved,USGS,51b6a1af-e513-203d-e053-0100007fe69e,
09522700,2010-05-05T20:17:30+00:00,00060,642,ft^3/s,Fair,Acoustic Doppler Current Profiler,Z,Clear,Approved,USGS,51b699b0-79d2-18c2-e053-0100007f42fb,
09522700,2010-06-07T19:00:30+00:00,00060,730,ft^3/s,Fair,Acoustic Doppler Current Profiler,Z,,Approved,USGS,51b6a1af-e514-203d-e053-0100007fe69e,
09522700,2010-07-07T18:07:30+00:00,00060,867,ft^3/s,Good,Acoustic Doppler Current Profiler,Z,,Approved,USGS,51b699b0-79d3-18c2-e053-0100007f42fb,
09522700,2010-08-06T16:00:00+00:00,00060,708,ft^3/s,Fair,Acoustic Doppler Current Profiler,Z,,Approved,USGS,51b6a1af-e515-203d-e053-0100007fe69e,
09522700,2010-09-13T16:41:00+00:00,00060,727,ft^3/s,Fair,Acoustic Doppler Current Profiler,Z,,Approved,USGS,51b69a12-a5bc-18cb-e053-0100007ffe24,
09522700,2010-10-19T19:35:03+00:00,00060,630,ft^3/s,Good,Acoustic Doppler Current Profiler,Z,,Approved,USGS,51b6a3d8-9b3a-201b-e053-0100007f5d4e,
09522700,2010-11-12T18:34:30+00:00,00060,260,ft^3/s,Fair,Acoustic Doppler Current Profiler,Z,,Approved,USGS,51b69620-2761-16f1-e053-0100007f59c9,
09522700,2011-01-03T20:37:00+00:00,00060,466,ft^3/s,Fair,Acoustic Doppler Current Profiler,Z,,Approved,USGS,51b6a425-9a19-200b-e053-0100007f81f9,
09522700,2011-03-03T17:59:00+00:00,00060,512,ft^3/s,Good,Acoustic Doppler Current Profiler,Z,,Approved,USGS,51b6a3d8-9b3b-201b-e053-0100007f5d4e,
09522700,2011-05-02T16:10:00+00:00,00060,660,ft^3/s,Fair,Acoustic Doppler Current Profiler,Z,,Approved,USGS,51b6a3dc-ea82-201d-e053-0100007f2a6c,
09522700,2011-07-06T18:58:30+00:00,00060,405,ft^3/s,Good,Acoustic Doppler Current Profiler,Z,,Approved,USGS,51b6a3d8-9b3c-201b-e053-0100007f5d4e,
09522700,2011-09-01T17:23:00+00:00,00060,561,ft^3/s,Good,Acoustic Doppler Current Profiler,Z,,Approved,USGS,51b695ff-6297-16f3-e053-0100007f9b11,
09522700,2011-10-07T15:49:04+00:00,00060,678,ft^3/s,Good,Acoustic Doppler Current Profiler,Z,,Approved,USGS,51b695ff-6299-16f3-e053-0100007f9b11,
09522700,2011-12-02T19:48:00+00:00,00060,339,ft^3/s,Good,Acoustic Doppler Current Profiler,Z,,Approved,USGS,51b695ff-629b-16f3-e053-0100007f9b11,
09522700,2012-02-10T17:36:00+00:00,00060,384,ft^3/s,Good,Acoustic Doppler Current Profiler,Z,,Approved,USGS,51b695ff-629e-16f3-e053-0100007f9b11,
09522700,2012-04-03T16:25:46+00:00,00060,743,ft^3/s,Good,Acoustic Doppler Current Profiler,Z,,Approved,USGS,51b6a7b4-7795-2179-e053-0100007f558b,
09522700,2012-06-06T18:33:29+00:00,00060,708,ft^3/s,Good,Acoustic Doppler Current Profiler,Z,,Approved,USGS,51b6a7e6-b864-2167-e053-0100007fd2ab,
09522700,2012-08-01T18:28:36+00:00,00060,413,ft^3/s,Good,Acoustic Doppler Current Profiler,Z,,Approved,USGS,51b6ab54-4657-264d-e053-0100007f2bcd,
09522700,2012-10-01T18:01:02+00:00,00060,648,ft^3/s,Good,Acoustic Doppler Current Profiler,Z,Clear,Approved,USGS,51b6a08d-6146-1e92-e053-0100007f604d,
09522700,2012-12-05T19:53:52+00:00,00060,323,ft^3/s,Fair,Acoustic Doppler Current Profiler,Z,Clear,Approved,USGS,51b69d2f-5aea-19dc-e053-0100007fa0b4,
09522700,2013-02-12T20:32:37+00:00,00060,349,ft^3/s,Good,Acoustic Doppler Current Profiler,Z,Clear,Approved,USGS,51b69d2f-5aec-19dc-e053-0100007fa0b4,
09522700,2013-03-05T16:39:31+00:00,00060,680,ft^3/s,Fair,Acoustic Doppler Current Profiler,Z,Clear,Approved,USGS,51b6a44c-bb8c-215d-e053-0100007f2c10,
09522700,2013-03-05T17:29:12+00:00,00060,694,ft^3/s,Fair,Mid-section,Z,Clear,Approved,USGS,51b6a44c-bb8c-215d-e053-0100007f2c10,
09522700,2013-05-02T18:12:31+00:00,00060,1010,ft^3/s,Poor,Acoustic Doppler Current Profiler,Z,,Approved,USGS,51b69332-f906-1443-e053-0100007fd971,
09522700,2013-08-05T19:32:40+00:00,00060,540,ft^3/s,Good,Acoustic Doppler Current Profiler,Z,Debris - Light,Approved,USGS,51b6a42e-5092-2161-e053-0100007f3617,
09522700,2013-09-09T16:54:31+00:00,00060,416,ft^3/s,Good,Acoustic Doppler Current Profiler,Z,Clear,Approved,USGS,51b6a4b4-deaf-215f-e053-0100007ff0ff,
09522700,2013-11-05T16:46:13+00:00,00060,402,ft^3/s,Fair,Acoustic Doppler Current Profiler,Z,Debris - Light,Approved,USGS,51b69afb-51f8-1a66-e053-0100007f290b,
09522700,2013-12-02T17:16:15+00:00,00060,258,ft^3/s,Good,Acoustic Doppler Current Profiler,Z,Debris - Light,Approved,USGS,51b69979-6971-18ea-e053-0100007f9b26,
09522700,2014-02-03T18:22:47+00:00,00060,400,ft^3/s,Good,Acoustic Doppler Current Profiler,Z,Clear,Approved,USGS,51b6a1e8-0bd2-1fd9-e053-0100007f795c,
09522700,2014-03-03T16:37:06+00:00,00060,300,ft^3/s,Good,Acoustic Doppler Current Profiler,Z,Clear,Approved,USGS,51b6a4bf-74cd-2197-e053-0100007f4438,
09522700,2014-05-05T16:16:22+00:00,00060,849,ft^3/s,Good,Acoustic Doppler Current Profiler,Z,Clear,Approved,USGS,51b6a0bc-0416-1e9b-e053-0100007f8562,
09522700,2014-06-02T16:51:38+00:00,00060,646,ft^3/s,Good,Acoustic Doppler Current Profiler,Z,Clear,Approved,USGS,51b6ac72-1186-26a8-e053-0100007f0a3d,
09522700,2014-08-04T15:07:52+00:00,00060,384,ft^3/s,Good,Acoustic Doppler Current Profiler,Z,Clear,Approved,USGS,51b69d21-3dd8-16c9-e053-0100007f8a96,
09522700,2014-10-02T18:07:14+00:00,00060,661,ft^3/s,Good,Acoustic Doppler Current Profiler,Z,Clear,Approved,USGS,51b6a7df-44c3-2364-e053-0100007f2ff0,
09522700,2014-11-04T23:16:05+00:00,00060,547,ft^3/s,Good,Acoustic Doppler Current Profiler,Z,Clear,Approved,USGS,51b6a8b2-f2a1-2362-e053-0100007f3c4d,
09522700,2014-12-03T19:55:04+00:00,00060,343,ft^3/s,Good,Acoustic Doppler Current Profiler,Z,Clear,Approved,USGS,51b6a7df-44c4-2364-e053-0100007f2ff0,
09522700,2015-01-08T19:43:23+00:00,00060,447,ft^3/s,Fair,Mid-section,Z,Clear,Approved,USGS,51b6a1e8-0bd4-1fd9-e053-0100007f795c,
09522700,2015-01-08T21:38:15+00:00,00060,422,ft^3/s,Fair,Acoustic Doppler Current Profiler,Z,Clear,Approved,USGS,51b6a1e8-0bd4-1fd9-e053-0100007f795c,
09522700,2015-02-11T16:56:27+00:00,00060,625,ft^3/s,Good,Acoustic Doppler Current Profiler,Z,Clear,Approved,USGS,51b6a1e8-0bd5-1fd9-e053-0100007f795c,
09522700,2015-03-06T19:19:24+00:00,00060,630,ft^3/s,Good,Acoustic Doppler Current Profiler,Z,Clear,Approved,USGS,51b6a165-1ab5-1fe5-e053-0100007f4647,
09522700,2015-04-08T16:25:46+00:00,00060,751,ft^3/s,Good,Acoustic Doppler Current Profiler,Z,Clear,Approved,USGS,51b6a7ec-77e0-236a-e053-0100007f116c,
09522700,2015-05-05T16:01:19+00:00,00060,555,ft^3/s,Good,Acoustic Doppler Current Profiler,Z,Debris - Light,Approved,USGS,51b6a18f-fa06-203b-e053-0100007f01da,
09522700,2015-06-09T16:18:14+00:00,00060,656,ft^3/s,Good,Acoustic Doppler Current Profiler,Z,Clear,Approved,USGS,51b69109-413b-1387-e053-0100007ffbab,
09522700,2015-07-10T15:41:25+00:00,00060,744,ft^3/s,Good,Acoustic Doppler Current Profiler,Z,Clear,Approved,USGS,51b6a80a-dedb-2397-e053-0100007f734b,
09522700,2015-08-06T17:00:30+00:00,00060,567,ft^3/s,Good,Acoustic Doppler Current Profiler,Z,Debris - Light,Approved,USGS,51b6a3d8-9b3f-201b-e053-0100007f5d4e,
09522700,2015-09-04T16:10:04+00:00,00060,690,ft^3/s,Good,Acoustic Doppler Current Profiler,Z,Debris - Light,Approved,USGS,51b6a4f6-d89a-1ffb-e053-0100007f10aa,
09522700,2015-10-02T18:45:06+00:00,00060,697,ft^3/s,Fair,Acoustic Doppler Current Profiler,Z,Debris - Light,Approved,USGS,51b699ce-7d2d-1940-e053-0100007fc2bb,
09522700,2015-11-03T16:41:15+00:00,00060,413,ft^3/s,Good,Acoustic Doppler Current Profiler,Z,Debris - Light,Approved,USGS,51b6ac72-118b-26a8-e053-0100007f0a3d,
09522700,2016-02-02T18:49:10+00:00,00060,340,ft^3/s,Fair,Acoustic Doppler Current Profiler,Z,Debris - Light,Approved,USGS,51b6925f-ed58-1435-e053-0100007f4576,
09522700,2016-03-04T17:39:13+00:00,00060,682,ft^3/s,Good,Acoustic Doppler Current Profiler,Z,Debris - Light,Approved,USGS,51b6ab54-4659-264d-e053-0100007f2bcd,
09522700,2016-04-06T15:52:34+00:00,00060,862,ft^3/s,Good,Acoustic Doppler Current Profiler,Z,Debris - Light,Approved,USGS,51b6a53d-be54-201f-e053-0100007f0a26,
09522700,2016-05-02T16:22:12+00:00,00060,681,ft^3/s,Good,Acoustic Doppler Current Profiler,Z,Debris - Light,Approved,USGS,51b6aef3-42bb-26e6-e053-0100007fd58d,
09522700,2016-06-06T17:07:27+00:00,00060,623,ft^3/s,Good,Acoustic Doppler Current Profiler,Z,Debris - Light,Approved,USGS,51b6a7df-44ca-2364-e053-0100007f2ff0,
09522700,2016-07-06T16:04:28+00:00,00060,635,ft^3/s,Fair,Acoustic Doppler Current Profiler,Z,Debris - Light,Approved,USGS,51b6af0b-781a-284f-e053-0100007f0968,
09522700,2016-08-03T15:53:20+00:00,00060,568,ft^3/s,Good,Acoustic Doppler Current Profiler,Z,Clear,Approved,USGS,51b6a7df-44cc-2364-e053-0100007f2ff0,
09522700,2016-09-09T17:22:30+00:00,00060,533,ft^3/s,Fair,Acoustic Doppler Current Profiler,Z,Debris - Light,Approved,USGS,51b6a79b-5b41-219d-e053-0100007fcd8b,
09522700,2016-09-14T18:24:29+00:00,00060,620,ft^3/s,Fair,Acoustic Doppler Current Profiler,Z,Clear,Approved,USGS,51b6a0be-5950-1eac-e053-0100007f30dd,
09522700,2016-10-04T15:53:33+00:00,00060,789,ft^3/s,Good,Acoustic Doppler Current Profiler,Z,Debris - Light,Approved,USGS,51b6a9e9-1c1c-243e-e053-0100007f61b7,
09522700,2016-11-03T15:53:23+00:00,00060,531,ft^3/s,Good,Acoustic Doppler Current Profiler,Z,Clear,Approved,USGS,51b6a33a-57d6-2109-e053-0100007fe106,
09522700,2016-12-06T15:41:36+00:00,00060,515,ft^3/s,Fair,Acoustic Doppler Current Profiler,Z,Clear,Approved,USGS,51b6ac72-118e-26a8-e053-0100007f0a3d,
09522700,2017-01-05T16:23:07+00:00,00060,138,ft^3/s,Fair,Acoustic Doppler Current Profiler,Z,Clear,Approved,USGS,51b6a79b-5b4d-219d-e053-0100007fcd8b,
09522700,2017-02-02T16:17:46+00:00,00060,451,ft^3/s,Fair,Acoustic Doppler Current Profiler,Z,Clear,Approved,USGS,51b6a79b-5b4e-219d-e053-0100007fcd8b,
09522700,2017-03-02T15:59:19+00:00,00060,644,ft^3/s,Good,Acoustic Doppler Current Profiler,Z,Clear,Approved,USGS,51b6a7d0-aee5-2339-e053-0100007f5ae7,
09522700,2017-04-03T15:10:43+00:00,00060,796,ft^3/s,Fair,Acoustic Doppler Current Profiler,Z,Clear,Approved,USGS,51b6a32c-c266-2107-e053-0100007f5b64,
09522700,2017-06-06T19:33:37+00:00,00060,674,ft^3/s,Poor,Acoustic Doppler Current Profiler,Z,Debris - Light,Approved,USGS,51b6ab01-4410-2476-e053-0100007fe17d,
09522700,2017-08-03T15:11:36+00:00,00060,781,ft^3/s,Fair,Acoustic Doppler Current Profiler,Z,Clear,Approved,USGS,55e2096c-dd93-0a6b-e053-0100007f8149,
09522700,2017-10-02T20:39:11+00:00,00060,753,ft^3/s,Fair,Acoustic Doppler Current Profiler,Z,Debris - Light,Approved,USGS,5aadeda5-8255-b9f1-e053-0100007fbf96,
09522700,2017-11-06T17:43:49+00:00,00060,352,ft^3/s,Fair,Acoustic Doppler Current Profiler,Z,Clear,Approved,USGS,5d593fc2-a929-77a3-e053-0100007f2348,
09522700,2018-01-10T18:15:00+00:00,00060,377,ft^3/s,Fair,Acoustic Doppler Current Profiler,Z,Clear,Approved,USGS,6274c921-91e4-e5aa-e053-0100007f1ec4,
09522700,2018-02-14T18:24:39+00:00,00060,456,ft^3/s,Fair,Acoustic Doppler Current Profiler,Z,Clear,Approved,USGS,65441599-f983-734b-e053-0100007f2c68,
09522700,2018-03-07T20:59:25+00:00,00060,568,ft^3/s,Fair,Acoustic Doppler Current Profiler,Z,Clear,Approved,USGS,66e8cedd-ac6e-a369-e053-0100007f9cac,
09522700,2018-04-10T17:10:11+00:00,00060,892,ft^3/s,Fair,Acoustic Doppler Current Profiler,Z,Clear,Approved,USGS,6a35ae9a-fa7d-0844-e053-0100007ff4e9,
09522700,2018-05-09T17:42:00+00:00,00060,961,ft^3/s,Poor,Acoustic Doppler Current Profiler,Z,Clear,Approved,USGS,6be028eb-ba23-df64-e053-0100007fd77e,
09522700,2018-06-12T15:50:04+00:00,00060,647,ft^3/s,Good,Acoustic Doppler Current Profiler,Z,Clear,Approved,USGS,6e78119a-089b-9999-e053-0100007fbe58,
09522700,2018-08-13T16:59:00+00:00,00060,542,ft^3/s,Fair,Acoustic Doppler Current Profiler,Z,Clear,Approved,USGS,73581784-8c04-1e09-e053-0100007fb00b,
09522700,2018-10-11T17:39:47+00:00,00060,504,ft^3/s,Fair,Acoustic Doppler Current Profiler,Z,Clear,Approved,USGS,77fccdec-8a95-e48d-e053-0100007f1eb4,
09522700,2018-11-08T16:30:27+00:00,00060,471,ft^3/s,Fair,Acoustic Doppler Current Profiler,Z,Vegetation - Light,Approved,USGS,7a2e93cc-f1e7-0a67-e053-0100007f94cf,
09522700,2019-01-29T17:57:10+00:00,00060,429,ft^3/s,Fair,Acoustic Doppler Current Profiler,Z,Debris - Light,Approved,USGS,80a2721b-a265-76a5-e053-0100007f127a,
09522700,2019-04-04T17:19:08+00:00,00060,810,ft^3/s,Fair,Acoustic Doppler Current Profiler,Z,Clear,Approved,USGS,85bb8bbf-e68d-b1fe-e053-0100007f41ac,
09522700,2019-05-29T15:08:30+00:00,00060,695,ft^3/s,Fair,Acoustic Doppler Current Profiler,Z,Debris - Light,Approved,USGS,8a0c4cc6-a4d3-0a4a-e053-0100007f7292,
09522700,2019-07-08T15:07:03+00:00,00060,529,ft^3/s,Fair,Acoustic Doppler Current Profiler,Z,Debris - Light,Approved,USGS,8d32f18d-132d-4fff-e053-0100007ff45a,
09522700,2019-08-01T14:08:40+00:00,00060,566,ft^3/s,Fair,Acoustic Doppler Current Profiler,Z,Debris - Light,Approved,USGS,8f12540d-3d1d-7e96-e053-0100007f2912,
09522700,2019-09-05T14:28:38+00:00,00060,649,ft^3/s,Fair,Acoustic Doppler Current Profiler,Z,Debris - Light,Approved,USGS,91d62fab-6c8b-533b-e053-0100007f48c3,
09522700,2019-10-07T16:37:53+00:00,00060,505,ft^3/s,Fair,Acoustic Doppler Current Profiler,Z,Debris - Light,Approved,USGS,94677a49-213c-5286-e053-0100007fcab3,
09522700,2019-11-14T15:43:03+00:00,00060,389,ft^3/s,Poor,Acoustic Doppler Current Profiler,Z,,Approved,USGS,1cc27a20-5f58-4d7b-b933-ce6c160a22e6,
09522700,2019-12-11T15:27:52+00:00,00060,203,ft^3/s,Fair,Acoustic Doppler Current Profiler,Z,,Approved,USGS,b9e660b6-7aff-4168-ae06-c515a4e3024d,
09522700,2020-01-15T21:27:03+00:00,00060,493,ft^3/s,Good,Acoustic Doppler Current Profiler,Z,,Approved,USGS,28638913-750e-426d-aedb-1497c4a8f5df,
09522700,2020-02-13T17:57:57+00:00,00060,228,ft^3/s,Good,Acoustic Doppler Current Profiler,Z,Clear,Approved,USGS,d8da4ab9-c313-4891-aa8f-924d5ea89fc3,
09522700,2020-03-09T18:17:33+00:00,00060,424,ft^3/s,Fair,Acoustic Doppler Current Profiler,Z,,Approved,USGS,8c7a25b4-bfcc-441e-ad43-bc60782d13eb,
09522700,2020-04-06T15:28:46+00:00,00060,522,ft^3/s,Good,Acoustic Doppler Current Profiler,Z,Debris - Light,Approved,USGS,178abbfb-616b-4438-97b5-d4a60d5f2284,
09522700,2020-05-04T15:38:11+00:00,00060,821,ft^3/s,Fair,Acoustic Doppler Current Profiler,Z,Debris - Light,Approved,USGS,c132ccea-0a68-4f1e-b6a9-71043258e29d,
09522700,2020-06-15T14:04:57+00:00,00060,701,ft^3/s,Fair,Acoustic Doppler Current Profiler,Z,,Approved,USGS,ebccb726-e9f9-4f2d-ac58-a45603f2f17b,
09522700,2020-07-06T14:38:18+00:00,00060,753,ft^3/s,Good,Acoustic Doppler Current Profiler,Z,,Approved,USGS,bd8e8c0a-9402-4af0-a727-f1e521537286,
09522700,2020-08-10T14:41:03+00:00,00060,599,ft^3/s,Good,Acoustic Doppler Current Profiler,Z,,Approved,USGS,e60d3eec-1b06-484f-87a7-8544e6c8f7e8,
09522700,2020-09-15T14:38:00+00:00,00060,590,ft^3/s,Fair,Acoustic Doppler Current Profiler,Z,Clear,Approved,USGS,ef6716dd-549e-4aa8-98cb-1a644bd1c808,
09522700,2020-10-13T20:30:29+00:00,00060,627,ft^3/s,Fair,Acoustic Doppler Current Profiler,Z,Clear,Approved,USGS,fe2244d8-1b6f-42dc-8a4a-e8197827d6b4,
09522700,2020-11-12T15:35:56+00:00,00060,472,ft^3/s,Fair,Acoustic Doppler Current Profiler,Z,Debris - Light,Approved,USGS,d2533ed2-14b9-4ddd-9206-017fd9868d0a,
09522700,2020-12-08T19:24:42+00:00,00060,498,ft^3/s,Fair,Acoustic Doppler Current Profiler,Z,Clear,Approved,USGS,64bbf05c-405f-4914-85b6-5358c8ad78a8,
09522700,2021-01-07T20:14:59+00:00,00060,501,ft^3/s,Good,Acoustic Doppler Current Profiler,Z,Clear,Approved,USGS,5d0f9104-b9e2-416b-93fa-2d6819f2f240,
09522700,2021-02-03T18:53:42+00:00,00060,148,ft^3/s,Poor,Acoustic Doppler Current Profiler,Z,Debris - Light,Approved,USGS,b4ac8111-4f2f-4fc0-a2ea-014b9f68ab4a,
09522700,2021-03-01T20:21:29+00:00,00060,662,ft^3/s,Fair,Acoustic Doppler Current Profiler,Z,Clear,Approved,Unspecified,e4410abb-db5c-42cb-b531-4bc0bb8dbb6f,
09522700,2021-04-01T15:38:29+00:00,00060,723,ft^3/s,Fair,Acoustic Doppler Current Profiler,Z,Debris - Light,Approved,Unspecified,77a86479-4247-4a68-9612-8580a19c926f,
09522700,2021-05-10T15:03:15+00:00,00060,820,ft^3/s,Fair,Acoustic Doppler Current Profiler,Z,Debris - Moderate,Approved,USGS,80eeab9b-36de-4557-8a46-1bed4d597dd9,
09522700,2021-06-07T17:19:21+00:00,00060,816,ft^3/s,Fair,Acoustic Doppler Current Profiler,Z,Debris - Moderate,Approved,USGS,f396ad9d-88da-4cc6-88f5-8d7b409fb983,
09522700,2021-07-12T14:24:01+00:00,00060,668,ft^3/s,Fair,Acoustic Doppler Current Profiler,Z,Debris - Light,Approved,USGS,df065362-c5e6-49dd-9df2-438e3ac6b8e4,
09522700,2021-08-03T17:56:26+00:00,00060,589,ft^3/s,Good,Acoustic Doppler Current Profiler,Z,Debris - Light,Approved,USGS,eecbe5dd-d65c-4a3b-932e-aab9300252fe,
09522700,2021-09-01T17:12:19+00:00,00060,458,ft^3/s,Fair,Acoustic Doppler Current Profiler,Z,Debris - Light,Approved,USGS,073afa5c-5f75-46d8-bcf0-5b26cfa88e7b,
09522700,2021-10-07T16:40:46+00:00,00060,551,ft^3/s,Fair,Acoustic Doppler Current Profiler,Z,Debris - Light,Approved,USGS,4ad2c778-4d0c-4cf1-94ef-e24b43efebc0,
09522700,2021-11-08T17:45:25+00:00,00060,699,ft^3/s,Fair,Acoustic Doppler Current Profiler,Z,Clear,Approved,USGS,f6e71231-d5dd-4504-855a-d144c7383c0c,
09522700,2021-12-08T19:07:28+00:00,00060,411,ft^3/s,Fair,Acoustic Doppler Current Profiler,Z,Vegetation - Light,Approved,USGS,407d765d-72fa-468a-a4a8-d5bb4849ca8b,
09522700,2022-01-07T18:25:43+00:00,00060,424,ft^3/s,Fair,Acoustic Doppler Current Profiler,Z,Clear,Approved,USGS,1476fdb6-bc95-442c-9618-388e2899b519,
09522700,2022-02-04T17:45:38+00:00,00060,553,ft^3/s,Fair,Acoustic Doppler Current Profiler,Z,Clear,Approved,USGS,78aac83a-58d4-4267-ae9c-27acacf9d6d4,
09522700,2022-03-02T16:51:40+00:00,00060,650,ft^3/s,Fair,Acoustic Doppler Current Profiler,Z,Clear,Approved,USGS,9f15582a-7a1f-4c45-b046-fecbfd7d6c07,
09522700,2022-04-07T16:09:20+00:00,00060,906,ft^3/s,Good,Acoustic Doppler Current Profiler,Z,Clear,Approved,USGS,46edd58e-340b-4a0f-8542-09b60b2c8ae9,
09522700,2022-05-05T15:51:56+00:00,00060,922,ft^3/s,Good,Acoustic Doppler Current Profiler,Z,Unspecifed,Approved,USGS,45291cf6-87f1-424e-b0f4-b5952bbec40f,
09522700,2022-05-05T16:41:59+00:00,00060,935,ft^3/s,Good,Acoustic Doppler Current Profiler,Z,Unspecifed,Approved,USGS,45291cf6-87f1-424e-b0f4-b5952bbec40f,
09522700,2022-06-01T16:48:14+00:00,00060,755,ft^3/s,Fair,Acoustic Doppler Current Profiler,Z,Debris - Light,Approved,USGS,bece4de4-8545-4607-bb37-da4a72e81df8,
09522700,2022-07-01T15:06:57+00:00,00060,684,ft^3/s,Fair,Acoustic Doppler Current Profiler,Z,Vegetation - Moderate,Approved,USGS,7ebf7dac-8ee7-458f-ae10-bfdefc580412,
09522700,2022-09-01T16:21:37+00:00,00060,460,ft^3/s,Fair,Acoustic Doppler Current Profiler,Z,Debris - Moderate,Approved,USGS,94f4791e-9791-4150-846e-c89b183f4b44,
09522700,2022-10-06T16:27:35+00:00,00060,711,ft^3/s,Fair,Acoustic Doppler Current Profiler,Z,Debris - Moderate,Approved,USGS,99321ef5-4e90-4b20-9a80-de2aee8d7af5,
09522700,2022-12-09T17:10:42+00:00,00060,355,ft^3/s,Fair,Acoustic Doppler Current Profiler,Z,Debris - Moderate,Approved,USGS,15045449-5da1-4e20-94c6-859ae49c823d,
09522700,2023-01-10T17:05:02+00:00,00060,359,ft^3/s,Good,Acoustic Doppler Current Profiler,Z,Debris - Moderate,Approved,USGS,78279eb0-ab99-46c9-a83a-1eeec1810f2b,
09522700,2023-02-08T19:33:48+00:00,00060,298,ft^3/s,Fair,Acoustic Doppler Current Profiler,Z,Debris - Moderate,Approved,USGS,a3429ee0-7c21-4cce-8b9b-3b42c13e709b,
09522700,2023-03-07T16:01:20+00:00,00060,423,ft^3/s,Fair,Acoustic Doppler Current Profiler,Z,Debris - Moderate,Approved,USGS,5000983a-0cf5-4696-8f66-a11ecdf78d0f,
09522700,2023-04-04T17:24:13+00:00,00060,647,ft^3/s,Fair,Acoustic Doppler Current Profiler,Z,Debris - Moderate,Approved,USGS,19b86668-297b-4ab0-9174-20d9efb92a73,
09522700,2023-05-01T18:44:37+00:00,00060,632,ft^3/s,Good,Acoustic Doppler Current Profiler,Z,Debris - Light,Approved,USGS,682574d3-bf39-4928-a7fb-9f32048ba451,
09522700,2023-06-01T17:38:43+00:00,00060,645,ft^3/s,Good,Acoustic Doppler Current Profiler,Z,Debris - Light,Approved,USGS,d08bf00b-af4c-4f4d-bcca-cfaf68d460f8,
09522700,2023-07-03T14:22:35+00:00,00060,500,ft^3/s,Good,Acoustic Doppler Current Profiler,Z,Debris - Light,Approved,USGS,01c65192-50e1-4704-bdda-13ecb5e611a0,
09522700,2023-08-02T16:49:57+00:00,00060,685,ft^3/s,Good,Acoustic Doppler Current Profiler,Z,Debris - Light,Approved,USGS,c7d12834-1874-4bd3-894f-3b90ec61f0fb,
09522700,2023-09-06T16:38:52+00:00,00060,406,ft^3/s,Good,Acoustic Doppler Current Profiler,Z,Debris - Light,Approved,USGS,c971f27e-9bc3-45d2-af30-23d2a14cfdd5,
09522700,2023-10-02T16:36:56+00:00,00060,642,ft^3/s,Good,Acoustic Doppler Current Profiler,Z,Debris - Light,Approved,USGS,90b00aa6-2144-48e9-9c0e-d23c7531f51d,
09522700,2023-11-01T17:39:40+00:00,00060,518,ft^3/s,Good,Acoustic Doppler Current Profiler,Z,Debris - Light,Approved,USGS,c31b67fb-1880-4d73-955e-eac7dea61141,
09522700,2023-12-04T17:45:24+00:00,00060,343,ft^3/s,Fair,Acoustic Doppler Current Profiler,Z,Debris - Light,Approved,USGS,2b05d3b3-1044-4678-b21d-dc52a3523b95,
09522700,2024-02-01T17:02:43+00:00,00060,136,ft^3/s,Good,Acoustic Doppler Current Profiler,Z,Debris - Moderate,Approved,USGS,a9d2f298-7121-46b5-a1b0-b27506d3f7da,
09522700,2024-03-05T17:55:51+00:00,00060,655,ft^3/s,Good,Acoustic Doppler Current Profiler,Z,Debris - Light,Approved,USGS,514da963-68c9-4107-b34a-09969769ac03,
09522700,2024-04-08T17:50:59+00:00,00060,570,ft^3/s,Good,Acoustic Doppler Current Profiler,Z,Debris - Light,Approved,USGS,a94249ab-b50b-4c10-a607-78c20119a17c,
09522700,2024-05-01T16:54:30+00:00,00060,875,ft^3/s,Good,Acoustic Doppler Current Profiler,Z,Debris - Light,Approved,USGS,5265c0cd-2cf8-4e82-ba4e-f883e418035b,
09522700,2024-06-04T20:37:12+00:00,00060,680,ft^3/s,Fair,Acoustic Doppler Current Profiler,Z,Clear,Approved,USGS,bb1a55f9-fa4f-477f-95f1-3ca3f8dc391a,
09522700,2024-07-01T15:37:11+00:00,00060,460,ft^3/s,Good,Acoustic Doppler Current Profiler,Z,Debris - Light,Approved,USGS,7b3ea25c-a54f-4424-902e-33a48c8d6adf,
09522700,2024-08-05T15:52:08+00:00,00060,470,ft^3/s,Fair,Acoustic Doppler Current Profiler,Z,Clear,Approved,USGS,3e3e281e-ae0c-483f-a0f3-cab9dc1113ee,
09522700,2024-09-03T18:07:31+00:00,00060,445,ft^3/s,Good,Acoustic Doppler Current Profiler,Z,Debris - Light,Approved,USGS,5b179a1d-18ce-473f-9249-fbe3e0ebe207,
09522700,2024-10-01T15:50:38+00:00,00060,668,ft^3/s,Good,Acoustic Doppler Current Profiler,Z,Clear,Approved,USGS,bb04f139-1866-480e-a392-9ee158df7d14,
09522700,2024-11-01T16:52:02+00:00,00060,543,ft^3/s,Fair,Acoustic Doppler Current Profiler,Z,Debris - Light,Approved,USGS,ac0cb32f-057a-4dfd-8cc4-0f1033418c1f,
09522700,2024-12-02T16:54:39+00:00,00060,380,ft^3/s,Fair,Acoustic Doppler Current Profiler,Z,Debris - Light,Approved,USGS,82a5507d-2983-4cf8-8ecc-0c666f3232f1,
09522700,2025-01-06T18:05:24+00:00,00060,407,ft^3/s,Fair,Acoustic Doppler Current Profiler,Z,Debris - Light,Approved,USGS,12960d09-3d18-41eb-8b32-95a55904afb4,
09522700,2025-02-03T18:31:21+00:00,00060,270,ft^3/s,Good,Acoustic Doppler Current Profiler,Z,Debris - Light,Approved,USGS,ddbc9963-746d-494e-911d-0d2eb8cf3f4b,
09522700,2025-03-14T17:21:58+00:00,00060,391,ft^3/s,Good,Acoustic Doppler Current Profiler,Z,Debris - Light,Approved,USGSt,2f0fb1d1-6c8e-4b81-89ce-f07944dfd38c,
09522700,2025-04-09T16:53:38+00:00,00060,961,ft^3/s,Fair,Acoustic Doppler Current Profiler,Z,Debris - Light,Approved,USGSt,b7adcfad-fa67-463e-92fc-bb7a9b5c140d,
09522700,2025-05-01T15:52:53+00:00,00060,751,ft^3/s,Fair,Acoustic Doppler Current Profiler,Z,Debris - Light,Approved,USGS,d8d8eaa4-0335-4c1f-acdf-3a30f20ab4e0,
09522700,2025-06-16T17:43:54+00:00,00060,519,ft^3/s,Good,Acoustic Doppler Current Profiler,Z,Debris - Light,Approved,USGS,8726d1e7-3d4d-4b26-8a59-e434fbb6bb11,
09522700,2025-07-07T17:43:05+00:00,00060,448,ft^3/s,Good,Acoustic Doppler Current Profiler,Z,Debris - Moderate,Approved,USGS,efadbe5c-cc82-4d4d-b358-9e817917d097,
09522700,2025-08-12T15:41:58+00:00,00060,631,ft^3/s,Good,Acoustic Doppler Current Profiler,Z,Debris - Moderate,Approved,USGS,fc9f59eb-aedb-4287-9526-adbfaded6386,
09522700,2025-09-11T16:40:30+00:00,00060,598,ft^3/s,Good,Acoustic Doppler Current Profiler,Z,Debris - Moderate,Approved,09429,5140a177-b2df-4627-8004-f7a5a6994e95,
09522700,2025-12-11T17:13:08+00:00,00060,226,ft^3/s,Fair,Acoustic Doppler Current Profiler,Z,Debris - Light,Approved,USGS,a2e9b50a-0700-4092-b96c-81e127022efc,
09522700,2026-01-12T21:52:23+00:00,00060,341,ft^3/s,Fair,Acoustic Doppler Current Profiler,Z,Debris - Light,Approved,09429,3a8ab34b-3b70-4255-9ec2-53294616377f,
09522700,2026-02-10T19:20:33+00:00,00060,480,ft^3/s,Good,Acoustic Doppler Current Profiler,Z,Debris - Moderate,Approved,USGS,52ab5f2b-e242-4ec0-a7f9-2529f0ac4eee,
09522700,2026-03-03T18:18:29+00:00,00060,604,ft^3/s,Good,Acoustic Doppler Current Profiler,Z,Debris - Light,Approved,USGS,828818ce-86f3-4c15-ba03-187b92401684,
09522700,2026-04-08T15:41:27+00:00,00060,713,ft^3/s,Good,Acoustic Doppler Current Profiler,Z,Debris - Light,Approved,USGS,05974341-778e-4b20-9438-3a1bb7290f5c,
09522700,2026-05-05T16:28:15+00:00,00060,642,ft^3/s,Fair,Acoustic Doppler Current Profiler,Z,Debris - Light,Approved,USGS,9186415e-9e38-4216-8336-4e5b04ff31a7,
09522700,2026-06-09T14:31:38+00:00,00060,605,ft^3/s,Fair,Acoustic Doppler Current Profiler,Z,Debris - Moderate,Approved,USGS,bb7d2c42-fb3a-4ce5-b7fc-032fc615a2a3,
09522700,2026-07-08T17:28:19+00:00,00060,715,ft^3/s,Fair,Acoustic Doppler Current Profiler,Z,Debris - Moderate,Approved,USGS,f0a5fa4e-7433-4e29-b6df-12700da7cbaa,
09522700,2026-08-13T15:18:06+00:00,00060,558,ft^3/s,Fair,Acoustic Doppler Current Profiler,Z,Debris - Light,Approved,USGS,21ae559b-6058-4bb5-9d9f-95ce1e07de99,
09522700,2026-09-03T18:57:05+00:00,00060,495,ft^3/s,Good,Acoustic Doppler Current Profiler,Z,Debris - Moderate,Provisional,USGS,273f2afc-d7f4-4fdf-a268-0b241dd79cca,
