site,year,rows,on_grid_timestamps,off_grid_timestamps,off_grid_within_2s,off_grid_beyond_2s,rows_with_all_four,rows_with_all_four_if_snapped_2s
09428500,2026,23765,23765,0,0,0,11675,11675
09522700,2018,35313,35039,274,146,128,34614,34760
09522700,2019,35030,35030,0,0,0,35014,35014
09522700,2020,35132,35132,0,0,0,35116,35116
09522700,2021,35636,34889,747,11,736,33763,33768
09522700,2022,35040,35040,0,0,0,35039,35039
09522700,2023,38268,35040,3228,2968,260,31735,33886
09522700,2024,36696,34991,1705,1199,506,33841,34917
09522700,2025,34719,34719,0,0,0,34714,34714
